src_row,c_kPa,phi_deg,gamma_kNm3,moisture_pct,r_u,FOS_paper,top_deck_height_m,H_m,beta_overall_deg,deck_angle_deg,n_decks,deck_height_m,berm_width_m,FOS,dgms_compliant,diff_pct
0,13.1284,25.6178,17.4128,7.0,0.0,1.24802,,60.0,25.0,25.0,1,60.0,0.0,1.2968964407200465,False,3.916318706434721
1,34.9534,19.322,17.3337,10.0,0.0,1.20002,,60.0,25.0,25.0,1,60.0,0.0,1.2365825024509536,False,3.0468244238390603
2,13.5978,33.8177,19.0378,10.0,0.0,1.677,,60.0,25.0,25.0,1,60.0,0.0,1.7267790849249518,False,2.96834137894763
3,9.0552,20.1532,16.8173,10.0,0.0,0.947957,,60.0,25.0,25.0,1,60.0,0.0,0.9834918756339952,False,3.7485746330260925
4,18.0202,35.9906,18.2459,6.0,0.0,1.86019,,60.0,25.0,25.0,1,60.0,0.0,1.9272489663430816,False,3.6049525232950193
5,16.0924,36.2306,16.4199,10.0,0.0,1.87344,,60.0,25.0,25.0,1,60.0,0.0,1.9401222270378249,False,3.5593468185703783
6,39.612,23.0263,16.4556,6.0,0.0,1.44696,,60.0,25.0,25.0,1,60.0,0.0,1.4935669513362395,False,3.221025552623396
7,23.3535,16.0517,18.3694,6.0,0.0,0.909475,,60.0,25.0,25.0,1,60.0,0.0,0.9449762509035778,False,3.9034883755548866
8,13.6362,30.956,17.1037,6.0,0.0,1.53251,,60.0,25.0,25.0,1,60.0,0.0,1.5869462766143647,False,3.552099275982844
9,26.399,26.819,16.9069,5.0,0.0,1.46586,,60.0,25.0,25.0,1,60.0,0.0,1.5309841780456517,False,4.442728367351025
10,34.597,27.6838,17.582,6.0,0.0,1.58967,,60.0,25.0,25.0,1,60.0,0.0,1.6579184848039412,False,4.293248586432486
11,6.92461,19.7185,18.4427,9.0,0.0,0.896052,,60.0,25.0,25.0,1,60.0,0.0,0.9220753182541032,False,2.9042196495407855
12,13.5335,28.444,17.2021,7.0,0.0,1.39711,,60.0,25.0,25.0,1,60.0,0.0,1.4496821296400328,False,3.7629198588538317
13,29.0913,19.9642,16.9851,6.0,0.0,1.16936,,60.0,25.0,25.0,1,60.0,0.0,1.2129172046998766,False,3.724875547297383
14,10.5167,27.3262,16.989,9.0,0.0,1.307,,60.0,25.0,25.0,1,60.0,0.0,1.3496765756687952,False,3.265231497229934
15,19.6534,21.9968,18.5921,9.0,0.0,1.1341,,60.0,25.0,25.0,1,60.0,0.0,1.1842809295754702,False,4.424735876507366
16,9.04087,20.5582,18.0672,7.0,0.0,0.958894,,60.0,25.0,25.0,1,60.0,0.0,0.9927515026774456,False,3.530891076328101
17,44.5272,16.1905,17.1938,9.0,0.0,1.17464,,60.0,25.0,25.0,1,60.0,0.0,1.1819792543460197,False,0.6248088219386183
18,20.7867,31.7897,16.1762,10.0,0.0,1.67365,,60.0,25.0,25.0,1,60.0,0.0,1.7441790423756984,False,4.2140855241955215
19,6.91143,20.858,17.6755,9.0,0.0,0.951207,,60.0,25.0,25.0,1,60.0,0.0,0.9780180936969416,False,2.818639233830446
20,12.767,21.4123,17.6509,8.0,0.0,1.0413,,60.0,25.0,25.0,1,60.0,0.0,1.0835373131333608,False,4.056209846668672
21,27.2366,30.6352,17.3961,5.0,0.0,1.66583,,60.0,25.0,25.0,1,60.0,0.0,1.7395815525886382,False,4.4273156677835255
22,10.0468,32.3377,16.7852,6.0,0.0,1.56999,,60.0,25.0,25.0,1,60.0,0.0,1.6108974564790528,False,2.6055870724687935
23,7.65385,21.563,18.0694,9.0,0.0,0.989901,,60.0,25.0,25.0,1,60.0,0.0,1.0192747972175384,False,2.9673469586896477
24,21.3447,29.3668,15.7189,8.0,0.0,1.55706,,60.0,25.0,25.0,1,60.0,0.0,1.625342391572176,False,4.38534106406792
25,32.602,30.3429,17.6117,7.0,0.0,1.70606,,60.0,25.0,25.0,1,60.0,0.0,1.781263268726555,False,4.408008436195394
26,22.8081,27.0387,16.8163,7.0,0.0,1.43677,,60.0,25.0,25.0,1,60.0,0.0,1.5006473048352758,False,4.445896339377607
27,8.73454,34.3611,17.225,8.0,0.0,1.66823,,60.0,25.0,25.0,1,60.0,0.0,1.699697306689373,False,1.8862690809644305
28,23.7786,19.0642,16.1649,5.0,0.0,1.08138,,60.0,25.0,25.0,1,60.0,0.0,1.12468218120324,False,4.004344560028845
29,12.2578,25.6906,16.1427,8.0,0.0,1.25266,,60.0,25.0,25.0,1,60.0,0.0,1.3018177341036774,False,3.9242678862322813
30,29.567,17.505,17.0263,5.0,0.0,1.06431,,60.0,25.0,25.0,1,60.0,0.0,1.0997296302575743,False,3.32794301073693
31,24.9891,36.2351,17.0719,6.0,0.0,1.9685,,60.0,25.0,25.0,1,60.0,0.0,2.049895930511207,False,4.1349215398123995
32,22.4316,18.2237,17.2786,6.0,0.0,1.00988,,60.0,25.0,25.0,1,60.0,0.0,1.0526845633691817,False,4.238579174672395
33,20.1481,22.039,19.5753,9.0,0.0,1.13061,,60.0,25.0,25.0,1,60.0,0.0,1.1804150344926465,False,4.405147176537145
34,25.4913,35.046,18.3782,6.0,0.0,1.88134,,60.0,25.0,25.0,1,60.0,0.0,1.958875654784697,False,4.121299434695326
35,21.4525,25.7992,17.6151,10.0,0.0,1.3478,,60.0,25.0,25.0,1,60.0,0.0,1.40716972144721,False,4.404935557739277
36,25.1897,34.0045,16.9441,5.0,0.0,1.8394,,60.0,25.0,25.0,1,60.0,0.0,1.9181212633394051,False,4.27972509184545
37,19.3055,29.4408,17.3786,5.0,0.0,1.51264,,60.0,25.0,25.0,1,60.0,0.0,1.5751064900110237,False,4.129633621418425
38,16.8368,34.6362,17.433,7.0,0.0,1.77408,,60.0,25.0,25.0,1,60.0,0.0,1.8395116258712525,False,3.6882004121151466
39,27.3436,26.8803,18.359,7.0,0.0,1.45484,,60.0,25.0,25.0,1,60.0,0.0,1.5198262248992187,False,4.466898414892277
40,8.81635,34.6442,18.2977,5.0,0.0,1.67999,,60.0,25.0,25.0,1,60.0,0.0,1.708890750536575,False,1.7202930098735594
41,27.8836,28.9303,16.6323,6.0,0.0,1.59646,,60.0,25.0,25.0,1,60.0,0.0,1.667726770714212,False,4.464049879997749
42,14.4625,27.7008,18.2713,5.0,0.0,1.35983,,60.0,25.0,25.0,1,60.0,0.0,1.411996897183352,False,3.8362807985815865
43,30.3283,36.3669,17.6138,10.0,0.0,2.02723,,60.0,25.0,25.0,1,60.0,0.0,2.1145895149835,False,4.3093045674886445
44,13.2056,16.3178,16.138,5.0,0.0,0.832129,,60.0,25.0,25.0,1,60.0,0.0,0.8693457316217419,False,4.472471410291179
45,36.7215,27.0738,18.06,7.0,0.0,1.57157,,60.0,25.0,25.0,1,60.0,0.0,1.6375616278971097,False,4.199089311778017
46,13.6986,23.7466,17.5427,8.0,0.0,1.16252,,60.0,25.0,25.0,1,60.0,0.0,1.2086309462834135,False,3.966464773372802
47,27.1582,25.1285,18.5106,7.0,0.0,1.3637,,60.0,25.0,25.0,1,60.0,0.0,1.4240994681368595,False,4.42908763927987
48,24.1397,34.8788,17.5371,10.0,0.0,1.8693,,60.0,25.0,25.0,1,60.0,0.0,1.9463045122191336,False,4.119430386729451
49,9.88393,28.1538,18.4176,10.0,0.0,1.33319,,60.0,25.0,25.0,1,60.0,0.0,1.370239096035433,False,2.778980943108846
50,10.418,15.5508,17.6929,6.0,0.0,0.753916,,60.0,25.0,25.0,1,60.0,0.0,0.7857859893414562,False,4.227259978758393
51,12.0865,24.3615,18.2957,8.0,0.0,1.16851,,60.0,25.0,25.0,1,60.0,0.0,1.2125573861382657,False,3.7695343761085276
52,28.1292,20.0187,16.3532,6.0,0.0,1.17327,,60.0,25.0,25.0,1,60.0,0.0,1.21693221729778,False,3.721412573216724
53,17.5042,18.5929,18.0234,6.0,0.0,0.962578,,60.0,25.0,25.0,1,60.0,0.0,1.005164958957615,False,4.424260574999116
54,14.4085,26.5162,15.6626,6.0,0.0,1.3251,,60.0,25.0,25.0,1,60.0,0.0,1.378521494276995,False,4.031506624178935
55,27.7429,25.573,17.3243,7.0,0.0,1.41176,,60.0,25.0,25.0,1,60.0,0.0,1.473731131265546,False,4.389636430097608
56,21.4125,36.9448,17.978,9.0,0.0,1.95915,,60.0,25.0,25.0,1,60.0,0.0,2.036035361404718,False,3.92442443941088
57,19.3938,33.166,17.5396,5.0,0.0,1.716,,60.0,25.0,25.0,1,60.0,0.0,1.783109432677522,False,3.9108061000887018
58,28.6625,23.8188,16.075,6.0,0.0,1.36233,,60.0,25.0,25.0,1,60.0,0.0,1.4192357740901411,False,4.177091753843862
59,19.9282,33.8656,15.9814,5.0,0.0,1.78434,,60.0,25.0,25.0,1,60.0,0.0,1.856337474977909,False,4.034963906985713
60,29.5572,35.6645,17.649,8.0,0.0,1.97499,,60.0,25.0,25.0,1,60.0,0.0,2.060082371688776,False,4.308496331058696
61,29.0218,23.2813,16.2711,6.0,0.0,1.33686,,60.0,25.0,25.0,1,60.0,0.0,1.391499006630084,False,4.087115077875331
62,19.5407,31.3876,18.8581,8.0,0.0,1.60283,,60.0,25.0,25.0,1,60.0,0.0,1.6655216169731315,False,3.911307934910847
63,10.1333,28.2201,17.1448,6.0,0.0,1.34725,,60.0,25.0,25.0,1,60.0,0.0,1.388405158692102,False,3.054752918322654
64,17.3618,23.981,17.1782,10.0,0.0,1.21876,,60.0,25.0,25.0,1,60.0,0.0,1.271192910647282,False,4.3021522405791
65,15.8046,34.3306,16.905,10.0,0.0,1.75005,,60.0,25.0,25.0,1,60.0,0.0,1.8137309376046935,False,3.6388067543609264
66,19.7339,32.8101,16.3255,5.0,0.0,1.7159,,60.0,25.0,25.0,1,60.0,0.0,1.7857519123474102,False,4.0708614923602875
67,32.2955,36.8633,16.0795,7.0,0.0,2.11433,,60.0,25.0,25.0,1,60.0,0.0,2.208038350738661,False,4.432058890459916
68,18.843,27.0067,17.7088,6.0,0.0,1.37794,,60.0,25.0,25.0,1,60.0,0.0,1.4359609156304411,False,4.210699713372223
69,33.8567,19.565,18.9007,10.0,0.0,1.16674,,60.0,25.0,25.0,1,60.0,0.0,1.207967139337038,False,3.53353269254828
70,29.0078,27.7352,16.9406,6.0,0.0,1.54178,,60.0,25.0,25.0,1,60.0,0.0,1.6098656999504686,False,4.416045087526667
71,6.60312,32.2288,18.0307,10.0,0.0,1.51846,,60.0,25.0,25.0,1,60.0,0.0,1.5375479309138995,False,1.2570585273171238
72,11.2037,16.4414,17.3253,10.0,0.0,0.803861,,60.0,25.0,25.0,1,60.0,0.0,0.8382561415055453,False,4.278742407648242
73,6.49017,34.4519,17.8708,5.0,0.0,1.64545,,60.0,25.0,25.0,1,60.0,0.0,1.6621173972141965,False,1.012938540471993
74,26.9622,31.3299,16.1418,9.0,0.0,1.72421,,60.0,25.0,25.0,1,60.0,0.0,1.8009896032787678,False,4.453030853478855
75,24.049,33.3866,19.1937,7.0,0.0,1.75785,,60.0,25.0,25.0,1,60.0,0.0,1.8293304455336337,False,4.06635637475517
76,23.8563,34.3521,16.7633,10.0,0.0,1.8473,,60.0,25.0,25.0,1,60.0,0.0,1.9248134489952176,False,4.196040112337878
77,18.182,27.153,17.5197,8.0,0.0,1.38019,,60.0,25.0,25.0,1,60.0,0.0,1.4376703208814208,False,4.164667247365996
78,13.3424,21.8779,16.8814,10.0,0.0,1.0763,,60.0,25.0,25.0,1,60.0,0.0,1.1206304077045135,False,4.118778008409687
79,34.7057,30.0022,17.4551,8.0,0.0,1.71472,,60.0,25.0,25.0,1,60.0,0.0,1.7893400820363723,False,4.351735679083014
80,11.0374,34.1125,17.0063,8.0,0.0,1.68141,,60.0,25.0,25.0,1,60.0,0.0,1.7260375195155886,False,2.654172362219121
81,13.5028,28.517,18.2966,8.0,0.0,1.39136,,60.0,25.0,25.0,1,60.0,0.0,1.441576048051271,False,3.60913408832157
82,24.893,32.2921,16.8768,7.0,0.0,1.73926,,60.0,25.0,25.0,1,60.0,0.0,1.8142340599261653,False,4.310687299550684
83,7.40804,28.6665,16.2144,10.0,0.0,1.34412,,60.0,25.0,25.0,1,60.0,0.0,1.3740601112305264,False,2.227487964655419
84,14.7134,21.6835,16.0458,7.0,0.0,1.09208,,60.0,25.0,25.0,1,60.0,0.0,1.1391237461051265,False,4.30771977374611
85,38.7994,36.6807,18.4697,9.0,0.0,2.12102,,60.0,25.0,25.0,1,60.0,0.0,2.2155875255098008,False,4.458587166071071
86,40.541,20.9432,17.8604,7.0,0.0,1.32325,,60.0,25.0,25.0,1,60.0,0.0,1.3620679777775295,False,2.9335331779731333
87,20.6634,22.3007,18.0456,5.0,0.0,1.16552,,60.0,25.0,25.0,1,60.0,0.0,1.2176391114651135,False,4.471747500267144
88,8.1515,23.3607,17.5026,8.0,0.0,1.08242,,60.0,25.0,25.0,1,60.0,0.0,1.1147986224807735,False,2.9913178323362106
89,24.9301,35.5085,17.9317,10.0,0.0,1.90978,,60.0,25.0,25.0,1,60.0,0.0,1.988075167651884,False,4.099695653524696
90,17.8941,16.8236,16.3608,5.0,0.0,0.908207,,60.0,25.0,25.0,1,60.0,0.0,0.9474804882623256,False,4.324288214286564
91,25.6543,20.429,17.785,5.0,0.0,1.13744,,60.0,25.0,25.0,1,60.0,0.0,1.1860712248871,False,4.275498038322894
92,11.3252,36.2033,16.9543,9.0,0.0,1.81037,,60.0,25.0,25.0,1,60.0,0.0,1.855549066907292,False,2.495570900274088
93,15.9755,25.857,17.0254,5.0,0.0,1.29592,,60.0,25.0,25.0,1,60.0,0.0,1.349043404229196,False,4.0992811461507
94,27.9374,28.9075,17.3195,7.0,0.0,1.58287,,60.0,25.0,25.0,1,60.0,0.0,1.653754317577908,False,4.4782147351272
95,36.9559,27.566,17.8326,8.0,0.0,1.60421,,60.0,25.0,25.0,1,60.0,0.0,1.6716489763383406,False,4.203874576167754
96,8.12137,31.0353,16.7798,6.0,0.0,1.47556,,60.0,25.0,25.0,1,60.0,0.0,1.5067551180263428,False,2.1141206068436924
97,14.3305,25.8613,19.3141,9.0,0.0,1.25769,,60.0,25.0,25.0,1,60.0,0.0,1.3062865053658552,False,3.8639494124828255
98,7.51064,31.6992,19.1885,10.0,0.0,1.49392,,60.0,25.0,25.0,1,60.0,0.0,1.5159867449477715,False,1.4771035227971787
99,8.07638,31.7181,15.5764,9.0,0.0,1.51982,,60.0,25.0,25.0,1,60.0,0.0,1.5538912787906538,False,2.2417969753427287
100,29.0853,28.2822,17.105,10.0,0.0,1.56752,,60.0,25.0,25.0,1,60.0,0.0,1.6370570735321848,False,4.436120338635854
101,36.1905,28.4671,16.7182,10.0,0.0,1.66864,,60.0,25.0,25.0,1,60.0,0.0,1.7385316612087496,False,4.188540440643259
102,21.8003,16.3633,18.0516,5.0,0.0,0.910506,,60.0,25.0,25.0,1,60.0,0.0,0.947806650912994,False,4.096694685481913
103,36.9982,31.6227,18.0423,9.0,0.0,1.81495,,60.0,25.0,25.0,1,60.0,0.0,1.8943137372379604,False,4.372778161269474
104,9.30204,28.5402,16.7196,9.0,0.0,1.35702,,60.0,25.0,25.0,1,60.0,0.0,1.3955205677842375,False,2.8371407778984543
105,27.8525,27.1768,16.8957,6.0,0.0,1.50093,,60.0,25.0,25.0,1,60.0,0.0,1.567291441191592,False,4.421354839439002
106,21.8351,22.3014,16.7952,10.0,0.0,1.19594,,60.0,25.0,25.0,1,60.0,0.0,1.2487266290938135,False,4.413819179374675
107,23.0273,35.0209,19.8825,9.0,0.0,1.83499,,60.0,25.0,25.0,1,60.0,0.0,1.908492318758031,False,4.005597782986885
108,19.4818,22.2171,15.9721,5.0,0.0,1.17626,,60.0,25.0,25.0,1,60.0,0.0,1.2285907842789443,False,4.448913019140685
109,30.4519,20.6984,16.5825,10.0,0.0,1.22702,,60.0,25.0,25.0,1,60.0,0.0,1.2717021465003813,False,3.641517375460976
110,17.8534,21.9307,16.8537,7.0,0.0,1.13146,,60.0,25.0,25.0,1,60.0,0.0,1.181567140112505,False,4.428538358625586
111,45.6743,32.4054,15.2403,9.0,0.0,2.04448,,60.0,25.0,25.0,1,60.0,0.0,2.120158262149121,False,3.701589751385242
112,24.7842,22.1188,15.926,10.0,0.0,1.23763,,60.0,25.0,25.0,1,60.0,0.0,1.2907059955380054,False,4.288518825335952
113,13.8509,17.6446,16.119,7.0,0.0,0.898264,,60.0,25.0,25.0,1,60.0,0.0,0.9382164586225888,False,4.447741267888827
114,7.35543,24.7837,18.3302,7.0,0.0,1.13818,,60.0,25.0,25.0,1,60.0,0.0,1.164641976708377,False,2.32493776980593
115,16.3181,29.4307,18.0062,9.0,0.0,1.47207,,60.0,25.0,25.0,1,60.0,0.0,1.5304298320737055,False,3.964473977032719
116,17.1009,31.553,17.4829,10.0,0.0,1.60058,,60.0,25.0,25.0,1,60.0,0.0,1.663833522086451,False,3.951912562099438
117,22.1658,34.5972,17.8083,8.0,0.0,1.82677,,60.0,25.0,25.0,1,60.0,0.0,1.8996363842071995,False,3.9888099874203915
118,40.6661,23.8511,18.3754,8.0,0.0,1.4481,,60.0,25.0,25.0,1,60.0,0.0,1.499900242173485,False,3.577117752467724
119,19.3478,20.0762,17.991,9.0,0.0,1.0494,,60.0,25.0,25.0,1,60.0,0.0,1.0961320467380529,False,4.453215812659877
120,29.2571,17.1823,18.1023,9.0,0.0,1.02611,,60.0,25.0,25.0,1,60.0,0.0,1.062576898317518,False,3.553897566295798
121,8.84504,34.5814,17.5104,9.0,0.0,1.68083,,60.0,25.0,25.0,1,60.0,0.0,1.711976608067184,False,1.8530492713233375
122,18.279,18.6382,16.7521,5.0,0.0,0.987915,,60.0,25.0,25.0,1,60.0,0.0,1.031242929426457,False,4.385795278587421
123,11.8876,29.8205,16.7617,8.0,0.0,1.45418,,60.0,25.0,25.0,1,60.0,0.0,1.5029489060987828,False,3.353704912650622
124,13.1989,22.3784,16.5708,5.0,0.0,1.10086,,60.0,25.0,25.0,1,60.0,0.0,1.1459377072441137,False,4.09477201861397
125,19.5625,15.7176,17.5863,5.0,0.0,0.863805,,60.0,25.0,25.0,1,60.0,0.0,0.9002824757040839,False,4.222883139607189
126,28.6302,19.3746,16.4694,7.0,0.0,1.14779,,60.0,25.0,25.0,1,60.0,0.0,1.1889809993754874,False,3.5887226213407777
127,11.3931,30.3773,15.3324,7.0,0.0,1.49059,,60.0,25.0,25.0,1,60.0,0.0,1.541565565233213,False,3.4198247159321404
128,8.24517,26.8415,16.0944,6.0,0.0,1.26163,,60.0,25.0,25.0,1,60.0,0.0,1.2970234920065105,False,2.8053781224693792
129,28.6304,25.8673,15.8881,7.0,0.0,1.46554,,60.0,25.0,25.0,1,60.0,0.0,1.5289176120970127,False,4.324522844617864
130,23.2941,25.8177,18.3451,7.0,0.0,1.35889,,60.0,25.0,25.0,1,60.0,0.0,1.419132544645715,False,4.4332171585422735
131,22.1485,33.31,18.1639,10.0,0.0,1.74687,,60.0,25.0,25.0,1,60.0,0.0,1.817320777841684,False,4.032971992288155
132,18.125,26.9111,17.5446,9.0,0.0,1.36706,,60.0,25.0,25.0,1,60.0,0.0,1.4241061113050546,False,4.172904722913015
133,31.9041,19.9305,17.8516,9.0,0.0,1.18244,,60.0,25.0,25.0,1,60.0,0.0,1.2249946723917502,False,3.598886403686467
134,34.8375,33.5465,16.2785,5.0,0.0,1.94105,,60.0,25.0,25.0,1,60.0,0.0,2.0262931614587854,False,4.3916004976062135
135,13.9856,33.4231,17.1432,5.0,0.0,1.67408,,60.0,25.0,25.0,1,60.0,0.0,1.7302862518542743,False,3.357441212742181
136,38.0925,26.9754,15.9802,7.0,0.0,1.63544,,60.0,25.0,25.0,1,60.0,0.0,1.6964983616916514,False,3.733451651644289
137,22.8895,25.0403,15.52,6.0,0.0,1.3609,,60.0,25.0,25.0,1,60.0,0.0,1.4210952191391748,False,4.423191942036506
138,14.3108,29.2147,18.5195,5.0,0.0,1.43458,,60.0,25.0,25.0,1,60.0,0.0,1.4869273686126667,False,3.6489682424588907
139,19.187,19.8283,17.342,8.0,0.0,1.04382,,60.0,25.0,25.0,1,60.0,0.0,1.0905194336702466,False,4.473897192068235
140,17.322,22.7837,17.4866,9.0,0.0,1.15792,,60.0,25.0,25.0,1,60.0,0.0,1.2079538287000842,False,4.321009111172111
141,24.4324,34.3858,18.8603,6.0,0.0,1.82425,,60.0,25.0,25.0,1,60.0,0.0,1.8983170530856812,False,4.060137211768194
142,27.5999,27.6558,17.5378,10.0,0.0,1.51062,,60.0,25.0,25.0,1,60.0,0.0,1.578027350047812,False,4.4622307428613315
143,26.0244,29.9164,17.5082,8.0,0.0,1.6113,,60.0,25.0,25.0,1,60.0,0.0,1.6827903629491257,False,4.436812694664289
144,23.0152,36.9861,17.5689,9.0,0.0,1.98505,,60.0,25.0,25.0,1,60.0,0.0,2.063013926983522,False,3.927554821466571
145,11.0577,20.3358,17.7057,9.0,0.0,0.973005,,60.0,25.0,25.0,1,60.0,0.0,1.0106352919219848,False,3.8674304779507556
146,18.4928,20.471,16.2475,9.0,0.0,1.07968,,60.0,25.0,25.0,1,60.0,0.0,1.1275693042557866,False,4.435509063406438
147,15.074,13.0856,15.8007,7.0,0.0,0.720334,,60.0,25.0,25.0,1,60.0,0.0,0.7499525017321774,False,4.111773390146431
148,31.568,19.8412,16.2936,6.0,0.0,1.20789,,60.0,25.0,25.0,1,60.0,0.0,1.2493224309336468,False,3.4301493458549124
149,19.2966,27.1086,18.633,7.0,0.0,1.37752,,60.0,25.0,25.0,1,60.0,0.0,1.4348812254455825,False,4.164093838607237
150,13.1284,25.6178,17.4128,7.0,0.0,1.20807,,80.0,25.0,25.0,1,80.0,0.0,1.250160691071014,False,3.4841268362771967
151,34.9534,19.322,17.3337,10.0,0.0,1.11739,,80.0,25.0,25.0,1,80.0,0.0,1.1452949294007242,False,2.497331227299697
152,13.5978,33.8177,19.0378,5.0,0.0,1.63358,,80.0,25.0,25.0,1,80.0,0.0,1.6764350084893498,False,2.623379846065069
153,9.0552,20.1532,16.8173,8.0,0.0,0.918482,,80.0,25.0,25.0,1,80.0,0.0,0.9494087908697878,False,3.367163523050836
154,18.0202,35.9906,18.2459,8.0,0.0,1.80503,,80.0,25.0,25.0,1,80.0,0.0,1.8629324842767263,False,3.2078405498371994
155,16.0924,36.2306,16.4199,9.0,0.0,1.81838,,80.0,25.0,25.0,1,80.0,0.0,1.876015637598077,False,3.169614579905019
156,39.612,23.0263,16.4556,5.0,0.0,1.34838,,80.0,25.0,25.0,1,80.0,0.0,1.382962896064888,False,2.5647737332864757
157,23.3535,16.0517,18.3694,7.0,0.0,0.855638,,80.0,25.0,25.0,1,80.0,0.0,0.8835997225111252,False,3.2679383700963682
158,13.6362,30.956,17.1037,9.0,0.0,1.48788,,80.0,25.0,25.0,1,80.0,0.0,1.534715281260968,False,3.147786196532503
159,26.399,26.819,16.9069,5.0,0.0,1.39595,,80.0,25.0,25.0,1,80.0,0.0,1.4485997336569336,False,3.771605978504502
160,34.597,27.6838,17.582,10.0,0.0,1.50405,,80.0,25.0,25.0,1,80.0,0.0,1.5576684720172724,False,3.564939464597076
161,6.92461,19.7185,18.4427,8.0,0.0,0.873008,,80.0,25.0,25.0,1,80.0,0.0,0.8954824004104291,False,2.5743636267284082
162,13.5335,28.444,17.2021,7.0,0.0,1.35436,,80.0,25.0,25.0,1,80.0,0.0,1.399751195950684,False,3.3514867502498658
163,29.0913,19.9642,16.9851,10.0,0.0,1.09749,,80.0,25.0,25.0,1,80.0,0.0,1.1320181556288478,False,3.1461020718956614
164,10.5167,27.3262,16.989,8.0,0.0,1.27098,,80.0,25.0,25.0,1,80.0,0.0,1.307557402712299,False,2.8778897159907255
165,19.6534,21.9968,18.5921,10.0,0.0,1.08508,,80.0,25.0,25.0,1,80.0,0.0,1.127687641516702,False,3.926682043416342
166,9.04087,20.5582,18.0672,7.0,0.0,0.930907,,80.0,25.0,25.0,1,80.0,0.0,0.9600008522915892,False,3.1253231839044195
167,44.5272,16.1905,17.1938,9.0,0.0,1.07249,,80.0,25.0,25.0,1,80.0,0.0,1.070263511884229,False,-0.20759989517580352
168,20.7867,31.7897,16.1762,10.0,0.0,1.61088,,80.0,25.0,25.0,1,80.0,0.0,1.6743387764859423,False,3.939385707559981
169,6.91143,20.858,17.6755,6.0,0.0,0.927008,,80.0,25.0,25.0,1,80.0,0.0,0.95016402921898,False,2.4979319724295763
170,12.767,21.4123,17.6509,10.0,0.0,1.00499,,80.0,25.0,25.0,1,80.0,0.0,1.042881459645611,False,3.770332007841971
171,27.2366,30.6352,17.3961,9.0,0.0,1.59314,,80.0,25.0,25.0,1,80.0,0.0,1.655863076485458,False,3.9370724785930964
172,10.0468,32.3377,16.7852,5.0,0.0,1.53169,,80.0,25.0,25.0,1,80.0,0.0,1.5674263597534317,False,2.33313266740866
173,7.65385,21.563,18.0694,6.0,0.0,0.964214,,80.0,25.0,25.0,1,80.0,0.0,0.9894625118133836,False,2.6185589312521507
174,21.3447,29.3668,15.7189,5.0,0.0,1.49309,,80.0,25.0,25.0,1,80.0,0.0,1.5513021526676434,False,3.898770514010766
175,32.602,30.3429,17.6117,6.0,0.0,1.62306,,80.0,25.0,25.0,1,80.0,0.0,1.6841130002514983,False,3.7615984776593843
176,22.8081,27.0387,16.8163,8.0,0.0,1.37418,,80.0,25.0,25.0,1,80.0,0.0,1.4281743809995897,False,3.929207309056292
177,8.73454,34.3611,17.225,7.0,0.0,1.63194,,80.0,25.0,25.0,1,80.0,0.0,1.6619093734001738,False,1.8364261798947144
178,23.7786,19.0642,16.1649,6.0,0.0,1.01861,,80.0,25.0,25.0,1,80.0,0.0,1.0527342968845417,False,3.3500846137915063
179,12.2578,25.6906,16.1427,9.0,0.0,1.21248,,80.0,25.0,25.0,1,80.0,0.0,1.2548022493164266,False,3.4905523651051222
180,29.567,17.505,17.0263,7.0,0.0,0.992835,,80.0,25.0,25.0,1,80.0,0.0,1.0191379319639438,False,2.6492752535863193
181,24.9891,36.2351,17.0719,10.0,0.0,1.89605,,80.0,25.0,25.0,1,80.0,0.0,1.969514608020954,False,3.8746134342951923
182,22.4316,18.2237,17.2786,8.0,0.0,0.95446,,80.0,25.0,25.0,1,80.0,0.0,0.9871977428273953,False,3.4299753606641747
183,20.1481,22.039,19.5753,9.0,0.0,1.08259,,80.0,25.0,25.0,1,80.0,0.0,1.1251059931083005,False,3.92724790625265
184,25.4913,35.046,18.3782,5.0,0.0,1.8122,,80.0,25.0,25.0,1,80.0,0.0,1.882492462464805,False,3.8788468416733757
185,21.4525,25.7992,17.6151,9.0,0.0,1.29091,,80.0,25.0,25.0,1,80.0,0.0,1.3416467609068554,False,3.9303096967918303
186,25.1897,34.0045,16.9441,8.0,0.0,1.76734,,80.0,25.0,25.0,1,80.0,0.0,1.838667939590886,False,4.0358923348583815
187,19.3055,29.4408,17.3786,5.0,0.0,1.45757,,80.0,25.0,25.0,1,80.0,0.0,1.5138494033140293,False,3.861180136393398
188,16.8368,34.6362,17.433,7.0,0.0,1.72104,,80.0,25.0,25.0,1,80.0,0.0,1.777344852066848,False,3.271559758451175
189,27.3436,26.8803,18.359,8.0,0.0,1.38751,,80.0,25.0,25.0,1,80.0,0.0,1.4406175503323198,False,3.8275436092222566
190,8.81635,34.6442,18.2977,9.0,0.0,1.64441,,80.0,25.0,25.0,1,80.0,0.0,1.672403309813431,False,1.7023315239770538
191,27.8836,28.9303,16.6323,6.0,0.0,1.52123,,80.0,25.0,25.0,1,80.0,0.0,1.5789876745900773,False,3.7967746225144907
192,14.4625,27.7008,18.2713,6.0,0.0,1.31734,,80.0,25.0,25.0,1,80.0,0.0,1.3623084297299493,False,3.413578099044233
193,30.3283,36.3669,17.6138,5.0,0.0,1.94529,,80.0,25.0,25.0,1,80.0,0.0,2.0203076672502758,False,3.8563744865945853
194,13.2056,16.3178,16.138,6.0,0.0,0.794702,,80.0,25.0,25.0,1,80.0,0.0,0.8255209570917096,False,3.8780520360725865
195,36.7215,27.0738,18.06,8.0,0.0,1.4839,,80.0,25.0,25.0,1,80.0,0.0,1.5353273631074986,False,3.465689272019585
196,13.6986,23.7466,17.5427,8.0,0.0,1.12262,,80.0,25.0,25.0,1,80.0,0.0,1.1641907148543609,False,3.703008574082141
197,27.1582,25.1285,18.5106,5.0,0.0,1.29813,,80.0,25.0,25.0,1,80.0,0.0,1.3468574287419903,False,3.7536632495967526
198,24.1397,34.8788,17.5371,7.0,0.0,1.80067,,80.0,25.0,25.0,1,80.0,0.0,1.8704717334765792,False,3.8764311882010167
199,9.88393,28.1538,18.4176,6.0,0.0,1.29967,,80.0,25.0,25.0,1,80.0,0.0,1.331762176420716,False,2.469255766518872
200,10.418,15.5508,17.6929,10.0,0.0,0.725227,,80.0,25.0,25.0,1,80.0,0.0,0.7539601738444973,False,3.9619558902932965
201,12.0865,24.3615,18.2957,5.0,0.0,1.13264,,80.0,25.0,25.0,1,80.0,0.0,1.170672104717124,False,3.3578281463769533
202,28.1292,20.0187,16.3532,7.0,0.0,1.10111,,80.0,25.0,25.0,1,80.0,0.0,1.1357213875649868,False,3.1433178851328853
203,17.5042,18.5929,18.0234,7.0,0.0,0.918116,,80.0,25.0,25.0,1,80.0,0.0,0.9533827859749994,False,3.841212436663703
204,14.4085,26.5162,15.6626,8.0,0.0,1.27862,,80.0,25.0,25.0,1,80.0,0.0,1.326827698270382,False,3.7702912726519093
205,27.7429,25.573,17.3243,5.0,0.0,1.34108,,80.0,25.0,25.0,1,80.0,0.0,1.390950195478719,False,3.718659250657593
206,21.4125,36.9448,17.978,10.0,0.0,1.89581,,80.0,25.0,25.0,1,80.0,0.0,1.962375353733459,False,3.511182752145993
207,19.3938,33.166,17.5396,7.0,0.0,1.65886,,80.0,25.0,25.0,1,80.0,0.0,1.7189501365538682,False,3.622375399603836
208,28.6625,23.8188,16.075,9.0,0.0,1.28597,,80.0,25.0,25.0,1,80.0,0.0,1.3300902045979337,False,3.4308891030065745
209,19.9282,33.8656,15.9814,6.0,0.0,1.72119,,80.0,25.0,25.0,1,80.0,0.0,1.7864215710328395,False,3.7899111099204323
210,29.5572,35.6645,17.649,8.0,0.0,1.89525,,80.0,25.0,25.0,1,80.0,0.0,1.9683116132995493,False,3.8549855322278956
211,29.0218,23.2813,16.2711,9.0,0.0,1.26076,,80.0,25.0,25.0,1,80.0,0.0,1.3034316433326625,False,3.384596856869061
212,19.5407,31.3876,18.8581,6.0,0.0,1.54929,,80.0,25.0,25.0,1,80.0,0.0,1.6054860041252983,False,3.62721014950708
213,10.1333,28.2201,17.1448,10.0,0.0,1.31172,,80.0,25.0,25.0,1,80.0,0.0,1.347177814769572,False,2.703154237914502
214,17.3618,23.981,17.1782,5.0,0.0,1.17038,,80.0,25.0,25.0,1,80.0,0.0,1.2160335465131933,False,3.9007456136633665
215,15.8046,34.3306,16.905,9.0,0.0,1.69832,,80.0,25.0,25.0,1,80.0,0.0,1.7530196229462311,False,3.22080779512878
216,19.7339,32.8101,16.3255,8.0,0.0,1.65526,,80.0,25.0,25.0,1,80.0,0.0,1.718156852443684,False,3.7998170948179832
217,32.2955,36.8633,16.0795,6.0,0.0,2.02156,,80.0,25.0,25.0,1,80.0,0.0,2.10077313520144,False,3.9184162330794052
218,18.843,27.0067,17.7088,7.0,0.0,1.32596,,80.0,25.0,25.0,1,80.0,0.0,1.3782423553676448,False,3.9429813393801325
219,33.8567,19.565,18.9007,5.0,0.0,1.0922,,80.0,25.0,25.0,1,80.0,0.0,1.1241319196058446,False,2.9236329981545977
220,29.0078,27.7352,16.9406,8.0,0.0,1.46591,,80.0,25.0,25.0,1,80.0,0.0,1.5207118760016178,False,3.738420230547427
221,6.60312,32.2288,18.0307,7.0,0.0,1.48864,,80.0,25.0,25.0,1,80.0,0.0,1.506309087383093,False,1.1869281614825036
222,11.2037,16.4414,17.3253,9.0,0.0,0.772625,,80.0,25.0,25.0,1,80.0,0.0,0.8036275690775458,False,4.012628257893006
223,6.49017,34.4519,17.8708,10.0,0.0,1.61429,,80.0,25.0,25.0,1,80.0,0.0,1.630692769428845,False,1.0160980634734087
224,26.9622,31.3299,16.1418,6.0,0.0,1.64721,,80.0,25.0,25.0,1,80.0,0.0,1.7116473855646517,False,3.9119107803286535
225,24.049,33.3866,19.1937,10.0,0.0,1.6948,,80.0,25.0,25.0,1,80.0,0.0,1.7595483341640008,False,3.8204115036582915
226,23.8563,34.3521,16.7633,5.0,0.0,1.77733,,80.0,25.0,25.0,1,80.0,0.0,1.847556026804422,False,3.95120921857066
227,18.182,27.153,17.5197,6.0,0.0,1.32908,,80.0,25.0,25.0,1,80.0,0.0,1.3808894334003003,False,3.898142579852252
228,13.3424,21.8779,16.8814,5.0,0.0,1.03687,,80.0,25.0,25.0,1,80.0,0.0,1.0770368811731208,False,3.8738589382584934
229,34.7057,30.0022,17.4551,6.0,0.0,1.62687,,80.0,25.0,25.0,1,80.0,0.0,1.6872032671136612,False,3.7085487539668907
230,11.0374,34.1125,17.0063,10.0,0.0,1.64015,,80.0,25.0,25.0,1,80.0,0.0,1.6789449917611627,False,2.365331936783998
231,13.5028,28.517,18.2966,9.0,0.0,1.35033,,80.0,25.0,25.0,1,80.0,0.0,1.3934968647813704,False,3.196764108134332
232,24.893,32.2921,16.8768,10.0,0.0,1.66881,,80.0,25.0,25.0,1,80.0,0.0,1.7334121122224917,False,3.8711484364602198
233,7.40804,28.6665,16.2144,8.0,0.0,1.31319,,80.0,25.0,25.0,1,80.0,0.0,1.340315572328181,False,2.065624344396539
234,14.7134,21.6835,16.0458,8.0,0.0,1.04806,,80.0,25.0,25.0,1,80.0,0.0,1.0886378243899677,False,3.871708145522938
235,38.7994,36.6807,18.4697,9.0,0.0,2.02502,,80.0,25.0,25.0,1,80.0,0.0,2.1032456832466124,False,3.8629585508593687
236,40.541,20.9432,17.8604,8.0,0.0,1.23063,,80.0,25.0,25.0,1,80.0,0.0,1.2599991333896592,False,2.3865120620868416
237,20.6634,22.3007,18.0456,5.0,0.0,1.11315,,80.0,25.0,25.0,1,80.0,0.0,1.156329633402868,False,3.879048951432243
238,8.1515,23.3607,17.5026,7.0,0.0,1.05398,,80.0,25.0,25.0,1,80.0,0.0,1.0820727265672807,False,2.665394653340746
239,24.9301,35.5085,17.9317,8.0,0.0,1.84018,,80.0,25.0,25.0,1,80.0,0.0,1.9111912191553757,False,3.8589278850642756
240,17.8941,16.8236,16.3608,8.0,0.0,0.860482,,80.0,25.0,25.0,1,80.0,0.0,0.8915704577602711,False,3.6129120377034196
241,25.6543,20.429,17.785,8.0,0.0,1.0752,,80.0,25.0,25.0,1,80.0,0.0,1.1128138192892096,False,3.4983090856779864
242,11.3252,36.2033,16.9543,7.0,0.0,1.76703,,80.0,25.0,25.0,1,80.0,0.0,1.806911868633352,False,2.2570000867756614
243,15.9755,25.857,17.0254,10.0,0.0,1.24915,,80.0,25.0,25.0,1,80.0,0.0,1.2970619950098583,False,3.8355677868837463
244,27.9374,28.9075,17.3195,8.0,0.0,1.50995,,80.0,25.0,25.0,1,80.0,0.0,1.5679010838219658,False,3.83794720500453
245,36.9559,27.566,17.8326,8.0,0.0,1.5148,,80.0,25.0,25.0,1,80.0,0.0,1.5673711208328298,False,3.4704991307651105
246,8.12137,31.0353,16.7798,9.0,0.0,1.44222,,80.0,25.0,25.0,1,80.0,0.0,1.4709094520231774,False,1.9892562870558788
247,14.3305,25.8613,19.3141,6.0,0.0,1.21804,,80.0,25.0,25.0,1,80.0,0.0,1.2599204498859955,False,3.438347663951552
248,7.51064,31.6992,19.1885,9.0,0.0,1.46352,,80.0,25.0,25.0,1,80.0,0.0,1.4834627104321452,False,1.3626537684585958
249,8.07638,31.7181,15.5764,5.0,0.0,1.48481,,80.0,25.0,25.0,1,80.0,0.0,1.5156008780223462,False,2.073725124584712
250,29.0853,28.2822,17.105,5.0,0.0,1.49178,,80.0,25.0,25.0,1,80.0,0.0,1.5478050810073745,False,3.755586011836488
251,36.1905,28.4671,16.7182,5.0,0.0,1.57525,,80.0,25.0,25.0,1,80.0,0.0,1.6298295164970216,False,3.4648161559766084
252,21.8003,16.3633,18.0516,5.0,0.0,0.858845,,80.0,25.0,25.0,1,80.0,0.0,0.8880114896413721,False,3.396013208596678
253,36.9982,31.6227,18.0423,5.0,0.0,1.72415,,80.0,25.0,25.0,1,80.0,0.0,1.7881715528860296,False,3.7132240748211878
254,9.30204,28.5402,16.7196,7.0,0.0,1.32256,,80.0,25.0,25.0,1,80.0,0.0,1.3558559751447783,False,2.51753985791029
255,27.8525,27.1768,16.8957,7.0,0.0,1.42768,,80.0,25.0,25.0,1,80.0,0.0,1.481134792820434,False,3.744171860671429
256,21.8351,22.3014,16.7952,5.0,0.0,1.13793,,80.0,25.0,25.0,1,80.0,0.0,1.1805437650488395,False,3.7448494238520293
257,23.0273,35.0209,19.8825,8.0,0.0,1.77428,,80.0,25.0,25.0,1,80.0,0.0,1.8378535619118097,False,3.5830625330731127
258,19.4818,22.2171,15.9721,5.0,0.0,1.12121,,80.0,25.0,25.0,1,80.0,0.0,1.1638618139314696,False,3.804087898918985
259,30.4519,20.6984,16.5825,8.0,0.0,1.15029,,80.0,25.0,25.0,1,80.0,0.0,1.1853618519971127,False,3.0489573931019756
260,17.8534,21.9307,16.8537,5.0,0.0,1.0824,,80.0,25.0,25.0,1,80.0,0.0,1.1248935408860845,False,3.925862979128278
261,45.6743,32.4054,15.2403,10.0,0.0,1.9185,,80.0,25.0,25.0,1,80.0,0.0,1.9786614992234444,False,3.1358613095357972
262,24.7842,22.1188,15.926,6.0,0.0,1.17039,,80.0,25.0,25.0,1,80.0,0.0,1.2115740681654017,False,3.5188328818087693
263,13.8509,17.6446,16.119,5.0,0.0,0.858682,,80.0,25.0,25.0,1,80.0,0.0,0.8922891589788907,False,3.913807320858103
264,7.35543,24.7837,18.3302,10.0,0.0,1.11149,,80.0,25.0,25.0,1,80.0,0.0,1.1353322280811813,False,2.145069058757271
265,16.3181,29.4307,18.0062,6.0,0.0,1.42442,,80.0,25.0,25.0,1,80.0,0.0,1.4746168754537097,False,3.524022089953079
266,17.1009,31.553,17.4829,8.0,0.0,1.54905,,80.0,25.0,25.0,1,80.0,0.0,1.60344320257817,False,3.511391018893511
267,22.1658,34.5972,17.8083,8.0,0.0,1.76318,,80.0,25.0,25.0,1,80.0,0.0,1.8292512339934803,False,3.747276738250228
268,40.6661,23.8511,18.3754,9.0,0.0,1.35614,,80.0,25.0,25.0,1,80.0,0.0,1.3962354486383697,False,2.9565862402384546
269,19.3478,20.0762,17.991,9.0,0.0,1.00077,,80.0,25.0,25.0,1,80.0,0.0,1.038951985612831,False,3.815260810459062
270,29.2571,17.1823,18.1023,6.0,0.0,0.959895,,80.0,25.0,25.0,1,80.0,0.0,0.9863262891346812,False,2.753560455537447
271,8.84504,34.5814,17.5104,7.0,0.0,1.64446,,80.0,25.0,25.0,1,80.0,0.0,1.6742619070188771,False,1.812260986516977
272,18.279,18.6382,16.7521,8.0,0.0,0.939265,,80.0,25.0,25.0,1,80.0,0.0,0.9743330909810624,False,3.73356730859367
273,11.8876,29.8205,16.7617,5.0,0.0,1.41343,,80.0,25.0,25.0,1,80.0,0.0,1.4554506346933858,False,2.9729547762100563
274,13.1989,22.3784,16.5708,8.0,0.0,1.06082,,80.0,25.0,25.0,1,80.0,0.0,1.101788236721592,False,3.8619404537614295
275,19.5625,15.7176,17.5863,10.0,0.0,0.815941,,80.0,25.0,25.0,1,80.0,0.0,0.8442225066589529,False,3.466121528266493
276,28.6302,19.3746,16.4694,10.0,0.0,1.07527,,80.0,25.0,25.0,1,80.0,0.0,1.107424379571866,False,2.990354010794122
277,11.3931,30.3773,15.3324,10.0,0.0,1.44828,,80.0,25.0,25.0,1,80.0,0.0,1.4923178891554527,False,3.040702706344954
278,8.24517,26.8415,16.0944,9.0,0.0,1.22975,,80.0,25.0,25.0,1,80.0,0.0,1.2603925448384894,False,2.491770265378288
279,28.6304,25.8673,15.8881,6.0,0.0,1.38744,,80.0,25.0,25.0,1,80.0,0.0,1.4370342291271436,False,3.574513429564062
280,23.2941,25.8177,18.3451,9.0,0.0,1.3001,,80.0,25.0,25.0,1,80.0,0.0,1.3511770036292157,False,3.9286980716264623
281,22.1485,33.31,18.1639,8.0,0.0,1.68511,,80.0,25.0,25.0,1,80.0,0.0,1.7489250878722864,False,3.786998348611443
282,18.125,26.9111,17.5446,10.0,0.0,1.31626,,80.0,25.0,25.0,1,80.0,0.0,1.367675567991007,False,3.906186315090264
283,31.9041,19.9305,17.8516,8.0,0.0,1.10787,,80.0,25.0,25.0,1,80.0,0.0,1.1411174251732994,False,3.0010222474928905
284,34.8375,33.5465,16.2785,10.0,0.0,1.84574,,80.0,25.0,25.0,1,80.0,0.0,1.9145966709499047,False,3.7305726131472894
285,13.9856,33.4231,17.1432,10.0,0.0,1.62724,,80.0,25.0,25.0,1,80.0,0.0,1.6756193894975973,False,2.973094902878324
286,38.0925,26.9754,15.9802,6.0,0.0,1.53487,,80.0,25.0,25.0,1,80.0,0.0,1.5836537023157635,False,3.1783605331893625
287,22.8895,25.0403,15.52,9.0,0.0,1.2951,,80.0,25.0,25.0,1,80.0,0.0,1.3436615419786713,False,3.749636474300931
288,14.3108,29.2147,18.5195,8.0,0.0,1.39189,,80.0,25.0,25.0,1,80.0,0.0,1.4369472178258569,False,3.2371249039691934
289,19.187,19.8283,17.342,9.0,0.0,0.994587,,80.0,25.0,25.0,1,80.0,0.0,1.032079214566475,False,3.769626444592077
290,17.322,22.7837,17.4866,8.0,0.0,1.11091,,80.0,25.0,25.0,1,80.0,0.0,1.1538954687080267,False,3.8693925437728227
291,24.4324,34.3858,18.8603,5.0,0.0,1.75895,,80.0,25.0,25.0,1,80.0,0.0,1.82607791044473,False,3.816362627972938
292,27.5999,27.6558,17.5378,6.0,0.0,1.43981,,80.0,25.0,25.0,1,80.0,0.0,1.4945861008985597,False,3.804397864896039
293,26.0244,29.9164,17.5082,5.0,0.0,1.54237,,80.0,25.0,25.0,1,80.0,0.0,1.603074831176479,False,3.935815088239467
294,23.0152,36.9861,17.5689,7.0,0.0,1.91766,,80.0,25.0,25.0,1,80.0,0.0,1.987901929672217,False,3.6628979940248523
295,11.0577,20.3358,17.7057,8.0,0.0,0.940672,,80.0,25.0,25.0,1,80.0,0.0,0.97434036734754,False,3.579182472481384
296,18.4928,20.471,16.2475,9.0,0.0,1.02832,,80.0,25.0,25.0,1,80.0,0.0,1.0673826274738032,False,3.798684016045909
297,15.074,13.0856,15.8007,6.0,0.0,0.679531,,80.0,25.0,25.0,1,80.0,0.0,0.7026808580497973,False,3.4067405386652414
298,31.568,19.8412,16.2936,8.0,0.0,1.12789,,80.0,25.0,25.0,1,80.0,0.0,1.1583558678772874,False,2.701138220685291
299,19.2966,27.1086,18.633,10.0,0.0,1.32651,,80.0,25.0,25.0,1,80.0,0.0,1.3782169362070964,False,3.897968067115688
300,13.1284,25.6178,17.4128,10.0,0.0,1.18234,,100.0,25.0,25.0,1,100.0,0.0,1.218635970451262,False,3.0698420463878398
301,34.9534,19.322,17.3337,6.0,0.0,1.06412,,100.0,25.0,25.0,1,100.0,0.0,1.0864365017162587,False,2.0971790508832426
302,13.5978,33.8177,19.0378,7.0,0.0,1.60562,,100.0,25.0,25.0,1,100.0,0.0,1.645017272749125,False,2.453710887328569
303,9.0552,20.1532,16.8173,10.0,0.0,0.899693,,100.0,25.0,25.0,1,100.0,0.0,0.9261392308615998,False,2.939472782560252
304,18.0202,35.9906,18.2459,9.0,0.0,1.76976,,100.0,25.0,25.0,1,100.0,0.0,1.8209015126895527,False,2.889742828945885
305,16.0924,36.2306,16.4199,8.0,0.0,1.78318,,100.0,25.0,25.0,1,100.0,0.0,1.8342779027901264,False,2.865549343875906
306,39.612,23.0263,16.4556,6.0,0.0,1.28476,,100.0,25.0,25.0,1,100.0,0.0,1.312610839791418,False,2.1677854067232882
307,23.3535,16.0517,18.3694,5.0,0.0,0.820952,,100.0,25.0,25.0,1,100.0,0.0,0.845143849570522,False,2.9468043893579656
308,13.6362,30.956,17.1037,5.0,0.0,1.45914,,100.0,25.0,25.0,1,100.0,0.0,1.5007554221281914,False,2.8520513540983896
309,26.399,26.819,16.9069,5.0,0.0,1.35087,,100.0,25.0,25.0,1,100.0,0.0,1.3974403072171906,False,3.4474307088906095
310,34.597,27.6838,17.582,7.0,0.0,1.44915,,100.0,25.0,25.0,1,100.0,0.0,1.496673260628132,False,3.2793886504593845
311,6.92461,19.7185,18.4427,5.0,0.0,0.858184,,100.0,25.0,25.0,1,100.0,0.0,0.8789720965855878,False,2.4223356046707805
312,13.5335,28.444,17.2021,5.0,0.0,1.32683,,100.0,25.0,25.0,1,100.0,0.0,1.3656125293151171,False,2.9229463695512736
313,29.0913,19.9642,16.9851,8.0,0.0,1.0508,,100.0,25.0,25.0,1,100.0,0.0,1.0805034149092747,False,2.8267429491125573
314,10.5167,27.3262,16.989,6.0,0.0,1.24779,,100.0,25.0,25.0,1,100.0,0.0,1.2809302519699728,False,2.6559158167618615
315,19.6534,21.9968,18.5921,9.0,0.0,1.05326,,100.0,25.0,25.0,1,100.0,0.0,1.0924992826549258,False,3.7255077241066505
316,9.04087,20.5582,18.0672,7.0,0.0,0.912859,,100.0,25.0,25.0,1,100.0,0.0,0.938688447027276,False,2.8295111323080646
317,44.5272,16.1905,17.1938,8.0,0.0,1.00657,,100.0,25.0,25.0,1,100.0,0.0,1.0043455766755005,False,-0.22099042535536112
318,20.7867,31.7897,16.1762,5.0,0.0,1.57041,,100.0,25.0,25.0,1,100.0,0.0,1.6257392526451968,False,3.523236138664217
319,6.91143,20.858,17.6755,5.0,0.0,0.911418,,100.0,25.0,25.0,1,100.0,0.0,0.932975966739728,False,2.3653215911610364
320,12.767,21.4123,17.6509,6.0,0.0,0.981529,,100.0,25.0,25.0,1,100.0,0.0,1.0145797632390037,False,3.3672732276890125
321,27.2366,30.6352,17.3961,7.0,0.0,1.54655,,100.0,25.0,25.0,1,100.0,0.0,1.6039007636797096,False,3.708303234923506
322,10.0468,32.3377,16.7852,8.0,0.0,1.50705,,100.0,25.0,25.0,1,100.0,0.0,1.5411342129355534,False,2.261651102189935
323,7.65385,21.563,18.0694,7.0,0.0,0.947655,,100.0,25.0,25.0,1,100.0,0.0,0.970829217470206,False,2.445427657766379
324,21.3447,29.3668,15.7189,5.0,0.0,1.45184,,100.0,25.0,25.0,1,100.0,0.0,1.5055525691406424,False,3.699620422404836
325,32.602,30.3429,17.6117,7.0,0.0,1.56991,,100.0,25.0,25.0,1,100.0,0.0,1.6238117079305605,False,3.433426625128867
326,22.8081,27.0387,16.8163,10.0,0.0,1.33382,,100.0,25.0,25.0,1,100.0,0.0,1.3832238861759727,False,3.703939525271228
327,8.73454,34.3611,17.225,7.0,0.0,1.60859,,100.0,25.0,25.0,1,100.0,0.0,1.6357878080712058,False,1.6907855992643162
328,23.7786,19.0642,16.1649,9.0,0.0,0.978563,,100.0,25.0,25.0,1,100.0,0.0,1.0080848065003825,False,3.016852926217576
329,12.2578,25.6906,16.1427,6.0,0.0,1.1866,,100.0,25.0,25.0,1,100.0,0.0,1.223109567789667,False,3.0768218261981257
330,29.567,17.505,17.0263,10.0,0.0,0.947066,,100.0,25.0,25.0,1,100.0,0.0,0.9682664428657184,False,2.2385391161459105
331,24.9891,36.2351,17.0719,9.0,0.0,1.84918,,100.0,25.0,25.0,1,100.0,0.0,1.913567618794533,False,3.4819551798382484
332,22.4316,18.2237,17.2786,8.0,0.0,0.918104,,100.0,25.0,25.0,1,100.0,0.0,0.9474868664179528,False,3.2003854049162985
333,20.1481,22.039,19.5753,5.0,0.0,1.05142,,100.0,25.0,25.0,1,100.0,0.0,1.0905805679061784,False,3.7245408976601535
334,25.4913,35.046,18.3782,8.0,0.0,1.76802,,100.0,25.0,25.0,1,100.0,0.0,1.8293250898312967,False,3.467443232050361
335,21.4525,25.7992,17.6151,7.0,0.0,1.25425,,100.0,25.0,25.0,1,100.0,0.0,1.3007112168158022,False,3.704302716029664
336,25.1897,34.0045,16.9441,8.0,0.0,1.72127,,100.0,25.0,25.0,1,100.0,0.0,1.7832550667977485,False,3.6011239839042335
337,19.3055,29.4408,17.3786,10.0,0.0,1.42207,,100.0,25.0,25.0,1,100.0,0.0,1.4712124406124705,False,3.4556977232112716
338,16.8368,34.6362,17.433,10.0,0.0,1.68686,,100.0,25.0,25.0,1,100.0,0.0,1.736290289218149,False,2.930313672631343
339,27.3436,26.8803,18.359,5.0,0.0,1.34409,,100.0,25.0,25.0,1,100.0,0.0,1.3909657231754948,False,3.4875434811281107
340,8.81635,34.6442,18.2977,5.0,0.0,1.62153,,100.0,25.0,25.0,1,100.0,0.0,1.647291490689491,False,1.5887150215840091
341,27.8836,28.9303,16.6323,9.0,0.0,1.4727,,100.0,25.0,25.0,1,100.0,0.0,1.523715130466922,False,3.4640544895037815
342,14.4625,27.7008,18.2713,7.0,0.0,1.28997,,100.0,25.0,25.0,1,100.0,0.0,1.32855664524778,False,2.9912823746118034
343,30.3283,36.3669,17.6138,7.0,0.0,1.89221,,100.0,25.0,25.0,1,100.0,0.0,1.9617739671335848,False,3.6763343991198023
344,13.2056,16.3178,16.138,5.0,0.0,0.770591,,100.0,25.0,25.0,1,100.0,0.0,0.7991105105259655,False,3.700991904390975
345,36.7215,27.0738,18.06,7.0,0.0,1.42769,,100.0,25.0,25.0,1,100.0,0.0,1.473203426424569,False,3.1879067882081635
346,13.6986,23.7466,17.5427,10.0,0.0,1.09692,,100.0,25.0,25.0,1,100.0,0.0,1.1332857258936169,False,3.315257803086549
347,27.1582,25.1285,18.5106,6.0,0.0,1.25585,,100.0,25.0,25.0,1,100.0,0.0,1.298994269927067,False,3.4354636244031527
348,24.1397,34.8788,17.5371,7.0,0.0,1.7568,,100.0,25.0,25.0,1,100.0,0.0,1.8176870354802968,False,3.465792092457698
349,9.88393,28.1538,18.4176,6.0,0.0,1.2781,,100.0,25.0,25.0,1,100.0,0.0,1.3081838028104005,False,2.353791003082737
350,10.418,15.5508,17.6929,7.0,0.0,0.706749,,100.0,25.0,25.0,1,100.0,0.0,0.7318162854937763,False,3.5468441403916167
351,12.0865,24.3615,18.2957,10.0,0.0,1.10954,,100.0,25.0,25.0,1,100.0,0.0,1.142044349026001,False,2.9295337730952538
352,28.1292,20.0187,16.3532,6.0,0.0,1.05459,,100.0,25.0,25.0,1,100.0,0.0,1.0839914062271514,False,2.787946616898651
353,17.5042,18.5929,18.0234,9.0,0.0,0.889681,,100.0,25.0,25.0,1,100.0,0.0,0.9208019731294442,False,3.4979923286486025
354,14.4085,26.5162,15.6626,6.0,0.0,1.24868,,100.0,25.0,25.0,1,100.0,0.0,1.290830800085656,False,3.375628670728776
355,27.7429,25.573,17.3243,9.0,0.0,1.29551,,100.0,25.0,25.0,1,100.0,0.0,1.3392753380983549,False,3.3782323639612915
356,21.4125,36.9448,17.978,7.0,0.0,1.85537,,100.0,25.0,25.0,1,100.0,0.0,1.9127409522466032,False,3.092156941559003
357,19.3938,33.166,17.5396,5.0,0.0,1.62202,,100.0,25.0,25.0,1,100.0,0.0,1.674246168925936,False,3.219822747311131
358,28.6625,23.8188,16.075,8.0,0.0,1.23674,,100.0,25.0,25.0,1,100.0,0.0,1.2756953821970358,False,3.149844122211287
359,19.9282,33.8656,15.9814,7.0,0.0,1.68077,,100.0,25.0,25.0,1,100.0,0.0,1.737737318509734,False,3.389358360140525
360,29.5572,35.6645,17.649,5.0,0.0,1.84364,,100.0,25.0,25.0,1,100.0,0.0,1.911347833546416,False,3.672508382678618
361,29.0218,23.2813,16.2711,6.0,0.0,1.21169,,100.0,25.0,25.0,1,100.0,0.0,1.249155570766198,False,3.0920095706160953
362,19.5407,31.3876,18.8581,5.0,0.0,1.51479,,100.0,25.0,25.0,1,100.0,0.0,1.5636648769442052,False,3.2265117240148875
363,10.1333,28.2201,17.1448,10.0,0.0,1.28886,,100.0,25.0,25.0,1,100.0,0.0,1.3211683895422537,False,2.5067415811068536
364,17.3618,23.981,17.1782,5.0,0.0,1.13921,,100.0,25.0,25.0,1,100.0,0.0,1.180555380088233,False,3.6293027701857294
365,15.8046,34.3306,16.905,10.0,0.0,1.66499,,100.0,25.0,25.0,1,100.0,0.0,1.713243682003357,False,2.8981364454655587
366,19.7339,32.8101,16.3255,7.0,0.0,1.61615,,100.0,25.0,25.0,1,100.0,0.0,1.6710913104391167,False,3.3995180174561006
367,32.2955,36.8633,16.0795,7.0,0.0,1.96183,,100.0,25.0,25.0,1,100.0,0.0,2.03438558846582,False,3.698362674942273
368,18.843,27.0067,17.7088,5.0,0.0,1.29247,,100.0,25.0,25.0,1,100.0,0.0,1.3380801247057477,False,3.528911673442916
369,33.8567,19.565,18.9007,6.0,0.0,1.04382,,100.0,25.0,25.0,1,100.0,0.0,1.0715791283700624,False,2.65937885555579
370,29.0078,27.7352,16.9406,8.0,0.0,1.41697,,100.0,25.0,25.0,1,100.0,0.0,1.4652096262651164,False,3.4044211426576676
371,6.60312,32.2288,18.0307,10.0,0.0,1.46947,,100.0,25.0,25.0,1,100.0,0.0,1.488797894177052,False,1.3152969558447638
372,11.2037,16.4414,17.3253,7.0,0.0,0.752506,,100.0,25.0,25.0,1,100.0,0.0,0.7794961125387615,False,3.58669732052123
373,6.49017,34.4519,17.8708,8.0,0.0,1.59427,,100.0,25.0,25.0,1,100.0,0.0,1.613313775508716,False,1.1945138219194886
374,26.9622,31.3299,16.1418,6.0,0.0,1.59792,,100.0,25.0,25.0,1,100.0,0.0,1.657179691013951,False,3.7085518057193663
375,24.049,33.3866,19.1937,7.0,0.0,1.65444,,100.0,25.0,25.0,1,100.0,0.0,1.7109641393416788,False,3.4165118917385264
376,23.8563,34.3521,16.7633,6.0,0.0,1.73259,,100.0,25.0,25.0,1,100.0,0.0,1.7937964448157242,False,3.5326560130050457
377,18.182,27.153,17.5197,9.0,0.0,1.29615,,100.0,25.0,25.0,1,100.0,0.0,1.3413724598401568,False,3.488983515808891
378,13.3424,21.8779,16.8814,9.0,0.0,1.01173,,100.0,25.0,25.0,1,100.0,0.0,1.0467007036842226,False,3.4565253263442433
379,34.7057,30.0022,17.4551,10.0,0.0,1.57066,,100.0,25.0,25.0,1,100.0,0.0,1.6234429502719891,False,3.3605586359867323
380,11.0374,34.1125,17.0063,5.0,0.0,1.61359,,100.0,25.0,25.0,1,100.0,0.0,1.650450637116368,False,2.284386809311411
381,13.5028,28.517,18.2966,6.0,0.0,1.32392,,100.0,25.0,25.0,1,100.0,0.0,1.3620911638185718,False,2.8831926263348064
382,24.893,32.2921,16.8768,6.0,0.0,1.6237,,100.0,25.0,25.0,1,100.0,0.0,1.6832439462416382,False,3.667176586908806
383,7.40804,28.6665,16.2144,5.0,0.0,1.2933,,100.0,25.0,25.0,1,100.0,0.0,1.3179484511055164,False,1.9058571951996057
384,14.7134,21.6835,16.0458,8.0,0.0,1.02006,,100.0,25.0,25.0,1,100.0,0.0,1.05732607334861,False,3.653321701528351
385,38.7994,36.6807,18.4697,10.0,0.0,1.9632,,100.0,25.0,25.0,1,100.0,0.0,2.03142867047782,False,3.4753805255613224
386,40.541,20.9432,17.8604,8.0,0.0,1.1709,,100.0,25.0,25.0,1,100.0,0.0,1.193908892413731,False,1.9650604162380265
387,20.6634,22.3007,18.0456,9.0,0.0,1.0794,,100.0,25.0,25.0,1,100.0,0.0,1.1193515524473696,False,3.7012740825801096
388,8.1515,23.3607,17.5026,6.0,0.0,1.0359,,100.0,25.0,25.0,1,100.0,0.0,1.061583171876762,False,2.479309960108317
389,24.9301,35.5085,17.9317,5.0,0.0,1.79573,,100.0,25.0,25.0,1,100.0,0.0,1.857670526597592,False,3.449322927032007
390,17.8941,16.8236,16.3608,7.0,0.0,0.829734,,100.0,25.0,25.0,1,100.0,0.0,0.857172059271652,False,3.306850059374691
391,25.6543,20.429,17.785,5.0,0.0,1.03487,,100.0,25.0,25.0,1,100.0,0.0,1.0686485716024627,False,3.2640400825671616
392,11.3252,36.2033,16.9543,10.0,0.0,1.73912,,100.0,25.0,25.0,1,100.0,0.0,1.777317833804371,False,2.1963886220830604
393,15.9755,25.857,17.0254,6.0,0.0,1.21902,,100.0,25.0,25.0,1,100.0,0.0,1.26087572619131,False,3.4335553306188538
394,27.9374,28.9075,17.3195,8.0,0.0,1.4629,,100.0,25.0,25.0,1,100.0,0.0,1.5140143532674557,False,3.4940428783550215
395,36.9559,27.566,17.8326,6.0,0.0,1.45749,,100.0,25.0,25.0,1,100.0,0.0,1.5040404049224576,False,3.1938747382457278
396,8.12137,31.0353,16.7798,9.0,0.0,1.42078,,100.0,25.0,25.0,1,100.0,0.0,1.4468309514362636,False,1.83356687427073
397,14.3305,25.8613,19.3141,7.0,0.0,1.19251,,100.0,25.0,25.0,1,100.0,0.0,1.2285008438386018,False,3.0180748034483442
398,7.51064,31.6992,19.1885,7.0,0.0,1.44398,,100.0,25.0,25.0,1,100.0,0.0,1.4647588414646304,False,1.4389978714823184
399,8.07638,31.7181,15.5764,7.0,0.0,1.46228,,100.0,25.0,25.0,1,100.0,0.0,1.4902558838027613,False,1.9131687366825287
400,29.0853,28.2822,17.105,10.0,0.0,1.44292,,100.0,25.0,25.0,1,100.0,0.0,1.4924107178005963,False,3.4299003271557904
401,36.1905,28.4671,16.7182,5.0,0.0,1.51547,,100.0,25.0,25.0,1,100.0,0.0,1.5637133735003792,False,3.1833935017109614
402,21.8003,16.3633,18.0516,7.0,0.0,0.82556,,100.0,25.0,25.0,1,100.0,0.0,0.8512228109329183,False,3.1085337144384826
403,36.9982,31.6227,18.0423,10.0,0.0,1.66543,,100.0,25.0,25.0,1,100.0,0.0,1.721944523816937,False,3.3933893238945565
404,9.30204,28.5402,16.7196,5.0,0.0,1.30039,,100.0,25.0,25.0,1,100.0,0.0,1.3314034509452968,False,2.3849345923374403
405,27.8525,27.1768,16.8957,10.0,0.0,1.38043,,100.0,25.0,25.0,1,100.0,0.0,1.4275751442115032,False,3.415250625638618
406,21.8351,22.3014,16.7952,6.0,0.0,1.10054,,100.0,25.0,25.0,1,100.0,0.0,1.1382132788212642,False,3.4231630673364113
407,23.0273,35.0209,19.8825,5.0,0.0,1.73544,,100.0,25.0,25.0,1,100.0,0.0,1.7905294357517063,False,3.1743785870849015
408,19.4818,22.2171,15.9721,7.0,0.0,1.08574,,100.0,25.0,25.0,1,100.0,0.0,1.1234316658778698,False,3.4715185843636482
409,30.4519,20.6984,16.5825,5.0,0.0,1.10082,,100.0,25.0,25.0,1,100.0,0.0,1.13072613229385,False,2.716714112557011
410,17.8534,21.9307,16.8537,8.0,0.0,1.05056,,100.0,25.0,25.0,1,100.0,0.0,1.0896810238913517,False,3.723825758771679
411,45.6743,32.4054,15.2403,8.0,0.0,1.83739,,100.0,25.0,25.0,1,100.0,0.0,1.888527393023804,False,2.783153986023867
412,24.7842,22.1188,15.926,6.0,0.0,1.12705,,100.0,25.0,25.0,1,100.0,0.0,1.1637190113000009,False,3.2535390000444324
413,13.8509,17.6446,16.119,7.0,0.0,0.833183,,100.0,25.0,25.0,1,100.0,0.0,0.86402338261615,False,3.7015136670035234
414,7.35543,24.7837,18.3302,7.0,0.0,1.09432,,100.0,25.0,25.0,1,100.0,0.0,1.1173338484346385,False,2.10302730779283
415,16.3181,29.4307,18.0062,8.0,0.0,1.39372,,100.0,25.0,25.0,1,100.0,0.0,1.437102984548976,False,3.112747506599312
416,17.1009,31.553,17.4829,10.0,0.0,1.51584,,100.0,25.0,25.0,1,100.0,0.0,1.5627903520915485,False,3.097315817734616
417,22.1658,34.5972,17.8083,10.0,0.0,1.72251,,100.0,25.0,25.0,1,100.0,0.0,1.780315589264591,False,3.3558928113387445
418,40.6661,23.8511,18.3754,9.0,0.0,1.29681,,100.0,25.0,25.0,1,100.0,0.0,1.331135796553808,False,2.6469410749306346
419,19.3478,20.0762,17.991,7.0,0.0,0.96949,,100.0,25.0,25.0,1,100.0,0.0,1.003105543094861,False,3.46734294266687
420,29.2571,17.1823,18.1023,10.0,0.0,0.916334,,100.0,25.0,25.0,1,100.0,0.0,0.939238737392136,False,2.499605754248566
421,8.84504,34.5814,17.5104,5.0,0.0,1.62106,,100.0,25.0,25.0,1,100.0,0.0,1.64813824019388,False,1.6704033283086408
422,18.279,18.6382,16.7521,10.0,0.0,0.907995,,100.0,25.0,25.0,1,100.0,0.0,0.9389127363806844,False,3.405055796638132
423,11.8876,29.8205,16.7617,5.0,0.0,1.38719,,100.0,25.0,25.0,1,100.0,0.0,1.424870416453497,False,2.716312578197448
424,13.1989,22.3784,16.5708,7.0,0.0,1.0354,,100.0,25.0,25.0,1,100.0,0.0,1.0710615735861686,False,3.4442315613452292
425,19.5625,15.7176,17.5863,8.0,0.0,0.785103,,100.0,25.0,25.0,1,100.0,0.0,0.810202755650644,False,3.197001622799052
426,28.6302,19.3746,16.4694,7.0,0.0,1.02832,,100.0,25.0,25.0,1,100.0,0.0,1.056043344261431,False,2.695984154876992
427,11.3931,30.3773,15.3324,8.0,0.0,1.42103,,100.0,25.0,25.0,1,100.0,0.0,1.4602872323218612,False,2.7625899750083516
428,8.24517,26.8415,16.0944,8.0,0.0,1.20924,,100.0,25.0,25.0,1,100.0,0.0,1.2378633929265166,False,2.3670564095230473
429,28.6304,25.8673,15.8881,10.0,0.0,1.33706,,100.0,25.0,25.0,1,100.0,0.0,1.3809791483623772,False,3.28475523629286
430,23.2941,25.8177,18.3451,6.0,0.0,1.26221,,100.0,25.0,25.0,1,100.0,0.0,1.3089580134774377,False,3.703663691258794
431,22.1485,33.31,18.1639,8.0,0.0,1.64556,,100.0,25.0,25.0,1,100.0,0.0,1.7012990080055592,False,3.387236442643192
432,18.125,26.9111,17.5446,8.0,0.0,1.28353,,100.0,25.0,25.0,1,100.0,0.0,1.3284037776077655,False,3.4961222260302014
433,31.9041,19.9305,17.8516,6.0,0.0,1.05981,,100.0,25.0,25.0,1,100.0,0.0,1.088233795904672,False,2.68197091032091
434,34.8375,33.5465,16.2785,10.0,0.0,1.78403,,100.0,25.0,25.0,1,100.0,0.0,1.8451224146828644,False,3.4244051211506767
435,13.9856,33.4231,17.1432,8.0,0.0,1.59707,,100.0,25.0,25.0,1,100.0,0.0,1.6404423019972008,False,2.715742077504478
436,38.0925,26.9754,15.9802,5.0,0.0,1.47049,,100.0,25.0,25.0,1,100.0,0.0,1.5119145145035462,False,2.817055165526193
437,22.8895,25.0403,15.52,5.0,0.0,1.25267,,100.0,25.0,25.0,1,100.0,0.0,1.2956074865129232,False,3.427677402102971
438,14.3108,29.2147,18.5195,6.0,0.0,1.36439,,100.0,25.0,25.0,1,100.0,0.0,1.4040862021920015,False,2.9094468731082417
439,19.187,19.8283,17.342,8.0,0.0,0.962715,,100.0,25.0,25.0,1,100.0,0.0,0.9957342794786936,False,3.4298083522842844
440,17.322,22.7837,17.4866,10.0,0.0,1.08063,,100.0,25.0,25.0,1,100.0,0.0,1.1202910670050894,False,3.670180080609406
441,24.4324,34.3858,18.8603,6.0,0.0,1.71718,,100.0,25.0,25.0,1,100.0,0.0,1.7757817130747982,False,3.412671535587313
442,27.5999,27.6558,17.5378,8.0,0.0,1.39414,,100.0,25.0,25.0,1,100.0,0.0,1.442522115451914,False,3.470391456519014
443,26.0244,29.9164,17.5082,9.0,0.0,1.49791,,100.0,25.0,25.0,1,100.0,0.0,1.5534422907300751,False,3.707318245426964
444,23.0152,36.9861,17.5689,7.0,0.0,1.87408,,100.0,25.0,25.0,1,100.0,0.0,1.935588180359592,False,3.2820466767476333
445,11.0577,20.3358,17.7057,9.0,0.0,0.919805,,100.0,25.0,25.0,1,100.0,0.0,0.9490454279759908,False,3.178981194491311
446,18.4928,20.471,16.2475,6.0,0.0,0.995219,,100.0,25.0,25.0,1,100.0,0.0,1.0299119976810711,False,3.4859661723772506
447,15.074,13.0856,15.8007,9.0,0.0,0.653242,,100.0,25.0,25.0,1,100.0,0.0,0.6736107746191413,False,3.118105482982008
448,31.568,19.8412,16.2936,9.0,0.0,1.07633,,100.0,25.0,25.0,1,100.0,0.0,1.1020242779357754,False,2.3872119085945194
449,19.2966,27.1086,18.633,5.0,0.0,1.29365,,100.0,25.0,25.0,1,100.0,0.0,1.3387810637457271,False,3.488661055596736
450,13.1284,25.6178,17.4128,9.0,0.0,1.164,,120.0,25.0,25.0,1,120.0,0.0,1.1981687753827737,False,2.9354618026437924
451,34.9534,19.322,17.3337,7.0,0.0,1.02792,,120.0,25.0,25.0,1,120.0,0.0,1.0451849778681608,False,1.679603263693754
452,13.5978,33.8177,19.0378,8.0,0.0,1.58522,,120.0,25.0,25.0,1,120.0,0.0,1.6236767965658965,False,2.425959587053936
453,9.0552,20.1532,16.8173,10.0,0.0,0.886244,,120.0,25.0,25.0,1,120.0,0.0,0.91144419850887,False,2.8434831162603085
454,18.0202,35.9906,18.2459,9.0,0.0,1.74438,,120.0,25.0,25.0,1,120.0,0.0,1.7922668893141598,False,2.7452097200242918
455,16.0924,36.2306,16.4199,6.0,0.0,1.75783,,120.0,25.0,25.0,1,120.0,0.0,1.8057078283560624,False,2.7236893417487673
456,39.612,23.0263,16.4556,7.0,0.0,1.24172,,120.0,25.0,25.0,1,120.0,0.0,1.263167279478104,False,1.7272234866237146
457,23.3535,16.0517,18.3694,6.0,0.0,0.797326,,120.0,25.0,25.0,1,120.0,0.0,0.8184224395586851,False,2.6458988617811436
458,13.6362,30.956,17.1037,9.0,0.0,1.43844,,120.0,25.0,25.0,1,120.0,0.0,1.4774673241639074,False,2.713170112337492
459,26.399,26.819,16.9069,6.0,0.0,1.31975,,120.0,25.0,25.0,1,120.0,0.0,1.3640906266904815,False,3.359774706609703
460,34.597,27.6838,17.582,6.0,0.0,1.41152,,120.0,25.0,25.0,1,120.0,0.0,1.453761262075282,False,2.9926081157391953
461,6.92461,19.7185,18.4427,9.0,0.0,0.847362,,120.0,25.0,25.0,1,120.0,0.0,0.8676913491420033,False,2.399133917027593
462,13.5335,28.444,17.2021,8.0,0.0,1.30711,,120.0,25.0,25.0,1,120.0,0.0,1.3441125712163309,False,2.830868956425311
463,29.0913,19.9642,16.9851,7.0,0.0,1.01957,,120.0,25.0,25.0,1,120.0,0.0,1.044555757185274,False,2.4506171410765174
464,10.5167,27.3262,16.989,10.0,0.0,1.23099,,120.0,25.0,25.0,1,120.0,0.0,1.2628175404417354,False,2.5855238825445706
465,19.6534,21.9968,18.5921,7.0,0.0,1.03144,,120.0,25.0,25.0,1,120.0,0.0,1.0665006888194224,False,3.3991980938709454
466,9.04087,20.5582,18.0672,5.0,0.0,0.899855,,120.0,25.0,25.0,1,120.0,0.0,0.924089435832387,False,2.6931489887134092
467,44.5272,16.1905,17.1938,9.0,0.0,0.962967,,120.0,25.0,25.0,1,120.0,0.0,0.9551865424925788,False,-0.8079672000620144
468,20.7867,31.7897,16.1762,6.0,0.0,1.54195,,120.0,25.0,25.0,1,120.0,0.0,1.5917354770715355,False,3.228734853369797
469,6.91143,20.858,17.6755,8.0,0.0,0.90001,,120.0,25.0,25.0,1,120.0,0.0,0.9211500922755476,False,2.3488730431381413
470,12.767,21.4123,17.6509,9.0,0.0,0.964911,,120.0,25.0,25.0,1,120.0,0.0,0.994620892827413,False,3.0790293433708382
471,27.2366,30.6352,17.3961,5.0,0.0,1.51417,,120.0,25.0,25.0,1,120.0,0.0,1.5655691399352736,False,3.394542220178286
472,10.0468,32.3377,16.7852,6.0,0.0,1.48893,,120.0,25.0,25.0,1,120.0,0.0,1.5203973634668986,False,2.113421280174252
473,7.65385,21.563,18.0694,6.0,0.0,0.935568,,120.0,25.0,25.0,1,120.0,0.0,0.9581947769314686,False,2.4185069317749903
474,21.3447,29.3668,15.7189,10.0,0.0,1.42306,,120.0,25.0,25.0,1,120.0,0.0,1.4706986837906038,False,3.34762299485642
475,32.602,30.3429,17.6117,9.0,0.0,1.53324,,120.0,25.0,25.0,1,120.0,0.0,1.5845999332652216,False,3.3497647638479107
476,22.8081,27.0387,16.8163,7.0,0.0,1.30578,,120.0,25.0,25.0,1,120.0,0.0,1.3500972819509975,False,3.39393174585287
477,8.73454,34.3611,17.225,7.0,0.0,1.59117,,120.0,25.0,25.0,1,120.0,0.0,1.6195660388857946,False,1.7846011982248704
478,23.7786,19.0642,16.1649,9.0,0.0,0.951152,,120.0,25.0,25.0,1,120.0,0.0,0.9770338120328677,False,2.721101572920801
479,12.2578,25.6906,16.1427,5.0,0.0,1.16815,,120.0,25.0,25.0,1,120.0,0.0,1.20249879714273,False,2.940444047659108
480,29.567,17.505,17.0263,7.0,0.0,0.915458,,120.0,25.0,25.0,1,120.0,0.0,0.9323289092483944,False,1.8428927649760456
481,24.9891,36.2351,17.0719,9.0,0.0,1.81642,,120.0,25.0,25.0,1,120.0,0.0,1.87432561196429,False,3.187897730937229
482,22.4316,18.2237,17.2786,6.0,0.0,0.893482,,120.0,25.0,25.0,1,120.0,0.0,0.9196175928794148,False,2.925139273025624
483,20.1481,22.039,19.5753,10.0,0.0,1.03001,,120.0,25.0,25.0,1,120.0,0.0,1.0648757350415794,False,3.3849899555906546
484,25.4913,35.046,18.3782,7.0,0.0,1.73687,,120.0,25.0,25.0,1,120.0,0.0,1.7920077025619978,False,3.1745440108930376
485,21.4525,25.7992,17.6151,10.0,0.0,1.22871,,120.0,25.0,25.0,1,120.0,0.0,1.2701350777322515,False,3.371428386865214
486,25.1897,34.0045,16.9441,6.0,0.0,1.68896,,120.0,25.0,25.0,1,120.0,0.0,1.7447438208946862,False,3.3028503276978816
487,19.3055,29.4408,17.3786,9.0,0.0,1.39705,,120.0,25.0,25.0,1,120.0,0.0,1.4412770843185645,False,3.165748134896002
488,16.8368,34.6362,17.433,9.0,0.0,1.66231,,120.0,25.0,25.0,1,120.0,0.0,1.7085402834786372,False,2.781086769533795
489,27.3436,26.8803,18.359,9.0,0.0,1.31406,,120.0,25.0,25.0,1,120.0,0.0,1.358513042796604,False,3.382877706999977
490,8.81635,34.6442,18.2977,6.0,0.0,1.6044,,120.0,25.0,25.0,1,120.0,0.0,1.6318713438086614,False,1.7122502997171118
491,27.8836,28.9303,16.6323,6.0,0.0,1.43915,,120.0,25.0,25.0,1,120.0,0.0,1.4876750740933191,False,3.371787103034374
492,14.4625,27.7008,18.2713,9.0,0.0,1.27041,,120.0,25.0,25.0,1,120.0,0.0,1.3070365584696624,False,2.883050233362642
493,30.3283,36.3669,17.6138,5.0,0.0,1.85546,,120.0,25.0,25.0,1,120.0,0.0,1.917384208080937,False,3.337404637175514
494,13.2056,16.3178,16.138,7.0,0.0,0.753881,,120.0,25.0,25.0,1,120.0,0.0,0.7794933981048986,False,3.3974059705574975
495,36.7215,27.0738,18.06,9.0,0.0,1.38923,,120.0,25.0,25.0,1,120.0,0.0,1.4297640890905294,False,2.917737818109994
496,13.6986,23.7466,17.5427,8.0,0.0,1.0785,,120.0,25.0,25.0,1,120.0,0.0,1.1115874012537397,False,3.067909249303631
497,27.1582,25.1285,18.5106,6.0,0.0,1.22668,,120.0,25.0,25.0,1,120.0,0.0,1.267798855108737,False,3.352044144254159
498,24.1397,34.8788,17.5371,5.0,0.0,1.72588,,120.0,25.0,25.0,1,120.0,0.0,1.7806347068396664,False,3.1725674345647623
499,9.88393,28.1538,18.4176,5.0,0.0,1.26232,,120.0,25.0,25.0,1,120.0,0.0,1.2901520338684365,False,2.204831886402525
500,10.418,15.5508,17.6929,6.0,0.0,0.693776,,120.0,25.0,25.0,1,120.0,0.0,0.716343591900622,False,3.252864310760545
501,12.0865,24.3615,18.2957,9.0,0.0,1.09301,,120.0,25.0,25.0,1,120.0,0.0,1.1240007408082322,False,2.8353574814715476
502,28.1292,20.0187,16.3532,5.0,0.0,1.02284,,120.0,25.0,25.0,1,120.0,0.0,1.0478901406458938,False,2.4490771426512294
503,17.5042,18.5929,18.0234,7.0,0.0,0.870001,,120.0,25.0,25.0,1,120.0,0.0,0.8994652664793313,False,3.3866934037238248
504,14.4085,26.5162,15.6626,7.0,0.0,1.22751,,120.0,25.0,25.0,1,120.0,0.0,1.265444802959086,False,3.0903864700968464
505,27.7429,25.573,17.3243,10.0,0.0,1.26414,,120.0,25.0,25.0,1,120.0,0.0,1.3060097416564598,False,3.3121127135016484
506,21.4125,36.9448,17.978,10.0,0.0,1.82653,,120.0,25.0,25.0,1,120.0,0.0,1.8804156037597983,False,2.9501625355071277
507,19.3938,33.166,17.5396,9.0,0.0,1.59584,,120.0,25.0,25.0,1,120.0,0.0,1.6440568807390956,False,3.021410714050011
508,28.6625,23.8188,16.075,8.0,0.0,1.20308,,120.0,25.0,25.0,1,120.0,0.0,1.2377650676220675,False,2.883022543976093
509,19.9282,33.8656,15.9814,5.0,0.0,1.65218,,120.0,25.0,25.0,1,120.0,0.0,1.7034215205243,False,3.1014490263954277
510,29.5572,35.6645,17.649,7.0,0.0,1.80786,,120.0,25.0,25.0,1,120.0,0.0,1.8681611710918564,False,3.3355000438007583
511,29.0218,23.2813,16.2711,9.0,0.0,1.17818,,120.0,25.0,25.0,1,120.0,0.0,1.2113671993638748,False,2.816819107765776
512,19.5407,31.3876,18.8581,5.0,0.0,1.49029,,120.0,25.0,25.0,1,120.0,0.0,1.535353549067541,False,3.023810739355499
513,10.1333,28.2201,17.1448,8.0,0.0,1.27221,,120.0,25.0,25.0,1,120.0,0.0,1.3036887857590478,False,2.474338808769599
514,17.3618,23.981,17.1782,9.0,0.0,1.1174,,120.0,25.0,25.0,1,120.0,0.0,1.1544235635764306,False,3.313367064294851
515,15.8046,34.3306,16.905,9.0,0.0,1.64102,,120.0,25.0,25.0,1,120.0,0.0,1.6861970758203524,False,2.7529875211973325
516,19.7339,32.8101,16.3255,6.0,0.0,1.58852,,120.0,25.0,25.0,1,120.0,0.0,1.6379370346799005,False,3.1108852693010194
517,32.2955,36.8633,16.0795,6.0,0.0,1.92009,,120.0,25.0,25.0,1,120.0,0.0,1.9854985998729264,False,3.4065382285687833
518,18.843,27.0067,17.7088,7.0,0.0,1.26893,,120.0,25.0,25.0,1,120.0,0.0,1.3099929080569348,False,3.236026262830488
519,33.8567,19.565,18.9007,6.0,0.0,1.0115,,120.0,25.0,25.0,1,120.0,0.0,1.033799256895425,False,2.2045730989050916
520,29.0078,27.7352,16.9406,5.0,0.0,1.38325,,120.0,25.0,25.0,1,120.0,0.0,1.429308079362421,False,3.3297002973013563
521,6.60312,32.2288,18.0307,10.0,0.0,1.45496,,120.0,25.0,25.0,1,120.0,0.0,1.4768047247182512,False,1.5013969262557845
522,11.2037,16.4414,17.3253,5.0,0.0,0.738405,,120.0,25.0,25.0,1,120.0,0.0,0.762736940082342,False,3.295202508425874
523,6.49017,34.4519,17.8708,5.0,0.0,1.57902,,120.0,25.0,25.0,1,120.0,0.0,1.6005117044639896,False,1.3610786731003732
524,26.9622,31.3299,16.1418,10.0,0.0,1.5637,,120.0,25.0,25.0,1,120.0,0.0,1.6169533720092335,False,3.405600307554736
525,24.049,33.3866,19.1937,10.0,0.0,1.62593,,120.0,25.0,25.0,1,120.0,0.0,1.676772594616048,False,3.126985455465365
526,23.8563,34.3521,16.7633,10.0,0.0,1.70114,,120.0,25.0,25.0,1,120.0,0.0,1.7561928098569604,False,3.236230401787052
527,18.182,27.153,17.5197,8.0,0.0,1.27297,,120.0,25.0,25.0,1,120.0,0.0,1.313679129478429,False,3.197964561492335
528,13.3424,21.8779,16.8814,7.0,0.0,0.993976,,120.0,25.0,25.0,1,120.0,0.0,1.025401555529121,False,3.161601037562372
529,34.7057,30.0022,17.4551,5.0,0.0,1.53199,,120.0,25.0,25.0,1,120.0,0.0,1.579449420677714,False,3.0978936336212466
530,11.0374,34.1125,17.0063,5.0,0.0,1.59408,,120.0,25.0,25.0,1,120.0,0.0,1.6281050266741013,False,2.1344616753300554
531,13.5028,28.517,18.2966,6.0,0.0,1.30492,,120.0,25.0,25.0,1,120.0,0.0,1.3406886318167317,False,2.741059361242959
532,24.893,32.2921,16.8768,7.0,0.0,1.59216,,120.0,25.0,25.0,1,120.0,0.0,1.6452087751157387,False,3.33187463042274
533,7.40804,28.6665,16.2144,9.0,0.0,1.27858,,120.0,25.0,25.0,1,120.0,0.0,1.303345090683416,False,1.9369214819108724
534,14.7134,21.6835,16.0458,8.0,0.0,1.00046,,120.0,25.0,25.0,1,120.0,0.0,1.0336577170435908,False,3.3182453115157897
535,38.7994,36.6807,18.4697,10.0,0.0,1.92009,,120.0,25.0,25.0,1,120.0,0.0,1.9855120638945492,False,3.407239446825361
536,40.541,20.9432,17.8604,9.0,0.0,1.13054,,120.0,25.0,25.0,1,120.0,0.0,1.147841108807238,False,1.5303402628158131
537,20.6634,22.3007,18.0456,5.0,0.0,1.0558,,120.0,25.0,25.0,1,120.0,0.0,1.091880163818303,False,3.4173294012410524
538,8.1515,23.3607,17.5026,8.0,0.0,1.02271,,120.0,25.0,25.0,1,120.0,0.0,1.0477173305904048,False,2.4452025100375305
539,24.9301,35.5085,17.9317,10.0,0.0,1.76436,,120.0,25.0,25.0,1,120.0,0.0,1.8200676635639117,False,3.1573864496991413
540,17.8941,16.8236,16.3608,8.0,0.0,0.808643,,120.0,25.0,25.0,1,120.0,0.0,0.8331770850945694,False,3.033982251076117
541,25.6543,20.429,17.785,6.0,0.0,1.0076,,120.0,25.0,25.0,1,120.0,0.0,1.0373399567352692,False,2.9515637887325514
542,11.3252,36.2033,16.9543,8.0,0.0,1.71856,,120.0,25.0,25.0,1,120.0,0.0,1.7539952260431702,False,2.06191381407516
543,15.9755,25.857,17.0254,6.0,0.0,1.19776,,120.0,25.0,25.0,1,120.0,0.0,1.2354412648484343,False,3.145977896108934
544,27.9374,28.9075,17.3195,6.0,0.0,1.43034,,120.0,25.0,25.0,1,120.0,0.0,1.4787709857414806,False,3.3859771621768697
545,36.9559,27.566,17.8326,5.0,0.0,1.41829,,120.0,25.0,25.0,1,120.0,0.0,1.459717129235993,False,2.920920914340008
546,8.12137,31.0353,16.7798,7.0,0.0,1.40486,,120.0,25.0,25.0,1,120.0,0.0,1.4313615937464077,False,1.8864224012647313
547,14.3305,25.8613,19.3141,9.0,0.0,1.17427,,120.0,25.0,25.0,1,120.0,0.0,1.2083401072132565,False,2.9013861559314758
548,7.51064,31.6992,19.1885,10.0,0.0,1.42926,,120.0,25.0,25.0,1,120.0,0.0,1.452228082477666,False,1.6069912036764569
549,8.07638,31.7181,15.5764,9.0,0.0,1.44561,,120.0,25.0,25.0,1,120.0,0.0,1.473683695901841,False,1.941996520627336
550,29.0853,28.2822,17.105,5.0,0.0,1.40921,,120.0,25.0,25.0,1,120.0,0.0,1.456385838365098,False,3.3476797897473034
551,36.1905,28.4671,16.7182,9.0,0.0,1.47457,,120.0,25.0,25.0,1,120.0,0.0,1.5175568577405687,False,2.915213095381621
552,21.8003,16.3633,18.0516,5.0,0.0,0.802834,,120.0,25.0,25.0,1,120.0,0.0,0.8256045652440399,False,2.836273157843323
553,36.9982,31.6227,18.0423,5.0,0.0,1.62529,,120.0,25.0,25.0,1,120.0,0.0,1.679274139512999,False,3.3215081316564548
554,9.30204,28.5402,16.7196,9.0,0.0,1.28418,,120.0,25.0,25.0,1,120.0,0.0,1.3145613523229462,False,2.365817278181107
555,27.8525,27.1768,16.8957,7.0,0.0,1.34786,,120.0,25.0,25.0,1,120.0,0.0,1.392842577292269,False,3.3373330533044196
556,21.8351,22.3014,16.7952,7.0,0.0,1.07476,,120.0,25.0,25.0,1,120.0,0.0,1.1106850082363595,False,3.342607487844689
557,23.0273,35.0209,19.8825,5.0,0.0,1.70781,,120.0,25.0,25.0,1,120.0,0.0,1.7590301823558427,False,2.999173348079862
558,19.4818,22.2171,15.9721,7.0,0.0,1.06097,,120.0,25.0,25.0,1,120.0,0.0,1.0970384922935956,False,3.3995770185392287
559,30.4519,20.6984,16.5825,8.0,0.0,1.06722,,120.0,25.0,25.0,1,120.0,0.0,1.0921816213106847,False,2.3389386734398427
560,17.8534,21.9307,16.8537,7.0,0.0,1.02872,,120.0,25.0,25.0,1,120.0,0.0,1.0636909679110236,False,3.3994641798568606
561,45.6743,32.4054,15.2403,7.0,0.0,1.78228,,120.0,25.0,25.0,1,120.0,0.0,1.8256235810201449,False,2.4319176010584638
562,24.7842,22.1188,15.926,9.0,0.0,1.09737,,120.0,25.0,25.0,1,120.0,0.0,1.1298956442754895,False,2.963963319162137
563,13.8509,17.6446,16.119,5.0,0.0,0.815485,,120.0,25.0,25.0,1,120.0,0.0,0.8431873689085346,False,3.397042117087943
564,7.35543,24.7837,18.3302,5.0,0.0,1.08149,,120.0,25.0,25.0,1,120.0,0.0,1.1031713695554208,False,2.0047683802365968
565,16.3181,29.4307,18.0062,8.0,0.0,1.37184,,120.0,25.0,25.0,1,120.0,0.0,1.4125209710706246,False,2.965431177879682
566,17.1009,31.553,17.4829,9.0,0.0,1.49217,,120.0,25.0,25.0,1,120.0,0.0,1.5362456819671666,False,2.953797621394788
567,22.1658,34.5972,17.8083,6.0,0.0,1.6937,,120.0,25.0,25.0,1,120.0,0.0,1.7456855448349753,False,3.069347867684673
568,40.6661,23.8511,18.3754,8.0,0.0,1.25652,,120.0,25.0,25.0,1,120.0,0.0,1.2845016493405683,False,2.226916351555744
569,19.3478,20.0762,17.991,5.0,0.0,0.947841,,120.0,25.0,25.0,1,120.0,0.0,0.9796874456084288,False,3.359893231926953
570,29.2571,17.1823,18.1023,8.0,0.0,0.887083,,120.0,25.0,25.0,1,120.0,0.0,0.905309918269914,False,2.054702690719366
571,8.84504,34.5814,17.5104,7.0,0.0,1.6036,,120.0,25.0,25.0,1,120.0,0.0,1.631977714650097,False,1.7696255082375403
572,18.279,18.6382,16.7521,6.0,0.0,0.886454,,120.0,25.0,25.0,1,120.0,0.0,0.9159820202510388,False,3.331026793385652
573,11.8876,29.8205,16.7617,8.0,0.0,1.36822,,120.0,25.0,25.0,1,120.0,0.0,1.4041266694095071,False,2.624334493685749
574,13.1989,22.3784,16.5708,10.0,0.0,1.01743,,120.0,25.0,25.0,1,120.0,0.0,1.0494630562118266,False,3.1484285122147475
575,19.5625,15.7176,17.5863,6.0,0.0,0.764019,,120.0,25.0,25.0,1,120.0,0.0,0.7863551801016897,False,2.9235110778252498
576,28.6302,19.3746,16.4694,6.0,0.0,0.99657,,120.0,25.0,25.0,1,120.0,0.0,1.0194727594058404,False,2.2981586246666477
577,11.3931,30.3773,15.3324,6.0,0.0,1.40136,,120.0,25.0,25.0,1,120.0,0.0,1.4385451218197338,False,2.6535024418945796
578,8.24517,26.8415,16.0944,10.0,0.0,1.19424,,120.0,25.0,25.0,1,120.0,0.0,1.220733636235146,False,2.218451587214128
579,28.6304,25.8673,15.8881,7.0,0.0,1.30252,,120.0,25.0,25.0,1,120.0,0.0,1.341623665354286,False,3.00215469661011
580,23.2941,25.8177,18.3451,10.0,0.0,1.23588,,120.0,25.0,25.0,1,120.0,0.0,1.2777722271650034,False,3.38966786136221
581,22.1485,33.31,18.1639,10.0,0.0,1.61759,,120.0,25.0,25.0,1,120.0,0.0,1.6677260046258595,False,3.099425974805694
582,18.125,26.9111,17.5446,10.0,0.0,1.2605,,120.0,25.0,25.0,1,120.0,0.0,1.3008930367516442,False,3.2045249307135504
583,31.9041,19.9305,17.8516,7.0,0.0,1.02702,,120.0,25.0,25.0,1,120.0,0.0,1.0506513807502496,False,2.3009659743967505
584,34.8375,33.5465,16.2785,9.0,0.0,1.74188,,120.0,25.0,25.0,1,120.0,0.0,1.8001108027341677,False,3.3429858965122503
585,13.9856,33.4231,17.1432,5.0,0.0,1.57525,,120.0,25.0,25.0,1,120.0,0.0,1.6165788247454478,False,2.6236359146451513
586,38.0925,26.9754,15.9802,5.0,0.0,1.42669,,120.0,25.0,25.0,1,120.0,0.0,1.4618779593746007,False,2.4664054121498524
587,22.8895,25.0403,15.52,8.0,0.0,1.22341,,120.0,25.0,25.0,1,120.0,0.0,1.2643505657552367,False,3.3464305306672855
588,14.3108,29.2147,18.5195,7.0,0.0,1.34464,,120.0,25.0,25.0,1,120.0,0.0,1.3818012824999242,False,2.763660347745428
589,19.187,19.8283,17.342,10.0,0.0,0.940653,,120.0,25.0,25.0,1,120.0,0.0,0.9720470631724388,False,3.3374754742119435
590,17.322,22.7837,17.4866,6.0,0.0,1.05928,,120.0,25.0,25.0,1,120.0,0.0,1.0947841673721634,False,3.351726396435639
591,24.4324,34.3858,18.8603,8.0,0.0,1.68767,,120.0,25.0,25.0,1,120.0,0.0,1.740374831423923,False,3.122934662814585
592,27.5999,27.6558,17.5378,6.0,0.0,1.36257,,120.0,25.0,25.0,1,120.0,0.0,1.4085694759951477,False,3.375934887392768
593,26.0244,29.9164,17.5082,6.0,0.0,1.46697,,120.0,25.0,25.0,1,120.0,0.0,1.5166613824838215,False,3.38734824051081
594,23.0152,36.9861,17.5689,10.0,0.0,1.84339,,120.0,25.0,25.0,1,120.0,0.0,1.899111643980876,False,3.0227810707921745
595,11.0577,20.3358,17.7057,9.0,0.0,0.904959,,120.0,25.0,25.0,1,120.0,0.0,0.9320055158411514,False,2.988700686014668
596,18.4928,20.471,16.2475,6.0,0.0,0.972862,,120.0,25.0,25.0,1,120.0,0.0,1.0054884184407622,False,3.353653286978235
597,15.074,13.0856,15.8007,9.0,0.0,0.63529,,120.0,25.0,25.0,1,120.0,0.0,0.6533666803940706,False,2.845421837911917
598,31.568,19.8412,16.2936,6.0,0.0,1.04113,,120.0,25.0,25.0,1,120.0,0.0,1.0616535265891525,False,1.9712741530022524
599,19.2966,27.1086,18.633,8.0,0.0,1.27052,,120.0,25.0,25.0,1,120.0,0.0,1.3111441977663951,False,3.1974465389285514
600,13.1284,25.6178,20.1628,6.0,0.0,1.02096,,60.0,30.0,30.0,1,60.0,0.0,1.0636516595260337,False,4.18152126685018
601,34.9534,19.322,20.0837,7.0,0.0,0.998522,,60.0,30.0,30.0,1,60.0,0.0,1.0157015594165753,False,1.7204988389414786
602,13.5978,33.8177,21.7878,7.0,0.0,1.36972,,60.0,30.0,30.0,1,60.0,0.0,1.4121101562130856,False,3.0948045011451613
603,9.0552,20.1532,19.5673,6.0,0.0,0.774444,,60.0,30.0,30.0,1,60.0,0.0,0.8049511958329219,False,3.939238451446693
604,18.0202,35.9906,20.9959,9.0,0.0,1.52106,,60.0,30.0,30.0,1,60.0,0.0,1.5781257290720485,False,3.751707958400617
605,16.0924,36.2306,19.1699,8.0,0.0,1.52925,,60.0,30.0,30.0,1,60.0,0.0,1.5852597060022522,False,3.662560470966303
606,39.612,23.0263,19.2056,6.0,0.0,1.20105,,60.0,30.0,30.0,1,60.0,0.0,1.2232761818260445,False,1.8505625765825338
607,23.3535,16.0517,21.1194,8.0,0.0,0.755077,,60.0,30.0,30.0,1,60.0,0.0,0.7784921613333481,False,3.1010296080198563
608,13.6362,30.956,19.8537,5.0,0.0,1.25191,,60.0,30.0,30.0,1,60.0,0.0,1.297658044964794,False,3.6542598880745425
609,26.399,26.819,19.6569,10.0,0.0,1.20721,,60.0,30.0,30.0,1,60.0,0.0,1.2592955420207317,False,4.314538648680163
610,34.597,27.6838,20.332,10.0,0.0,1.31405,,60.0,30.0,30.0,1,60.0,0.0,1.3625819644837578,False,3.6933118590432517
611,6.92461,19.7185,21.1927,7.0,0.0,0.731435,,60.0,30.0,30.0,1,60.0,0.0,0.7535969550745807,False,3.029928165124822
612,13.5335,28.444,19.9521,9.0,0.0,1.14215,,60.0,30.0,30.0,1,60.0,0.0,1.1868855466620365,False,3.916783842931007
613,29.0913,19.9642,19.7351,5.0,0.0,0.969559,,60.0,30.0,30.0,1,60.0,0.0,0.996992038402406,False,2.829434660748451
614,10.5167,27.3262,19.739,9.0,0.0,1.06678,,60.0,30.0,30.0,1,60.0,0.0,1.1026960067042713,False,3.366767909435047
615,19.6534,21.9968,21.3421,5.0,0.0,0.934344,,60.0,30.0,30.0,1,60.0,0.0,0.9783401499408488,False,4.708774278086966
616,9.04087,20.5582,20.8172,10.0,0.0,0.78374,,60.0,30.0,30.0,1,60.0,0.0,0.8126259767203491,False,3.6856580907378844
617,44.5272,16.1905,19.9438,10.0,0.0,0.985852,,60.0,30.0,30.0,1,60.0,0.0,0.9670368407387344,False,-1.9085176336068228
618,20.7867,31.7897,18.9262,6.0,0.0,1.37079,,60.0,30.0,30.0,1,60.0,0.0,1.4330976796759456,False,4.545384754480675
619,6.91143,20.858,20.4255,5.0,0.0,0.775791,,60.0,30.0,30.0,1,60.0,0.0,0.7986336458210005,False,2.9444329492093213
620,12.767,21.4123,20.4009,8.0,0.0,0.853632,,60.0,30.0,30.0,1,60.0,0.0,0.8913994690905148,False,4.424326769675326
621,27.2366,30.6352,20.1461,5.0,0.0,1.37001,,60.0,30.0,30.0,1,60.0,0.0,1.434679939320665,False,4.720399071588172
622,10.0468,32.3377,19.5352,9.0,0.0,1.2795,,60.0,30.0,30.0,1,60.0,0.0,1.3134371531780231,False,2.652376176476986
623,7.65385,21.563,20.8194,8.0,0.0,0.807941,,60.0,30.0,30.0,1,60.0,0.0,0.8328895697112295,False,3.08791975048048
624,21.3447,29.3668,18.4689,9.0,0.0,1.27615,,60.0,30.0,30.0,1,60.0,0.0,1.3360237187362372,False,4.691746169042609
625,32.602,30.3429,20.3617,6.0,0.0,1.40678,,60.0,30.0,30.0,1,60.0,0.0,1.466430624493169,False,4.24022409283393
626,22.8081,27.0387,19.5663,9.0,0.0,1.18089,,60.0,30.0,30.0,1,60.0,0.0,1.2365221327188964,False,4.711034280830259
627,8.73454,34.3611,19.975,7.0,0.0,1.35832,,60.0,30.0,30.0,1,60.0,0.0,1.383415853032825,False,1.847565598152507
628,23.7786,19.0642,18.9149,5.0,0.0,0.892846,,60.0,30.0,30.0,1,60.0,0.0,0.9221897459690164,False,3.2865405645560757
629,12.2578,25.6906,18.8927,9.0,0.0,1.0234,,60.0,30.0,30.0,1,60.0,0.0,1.0659863483591243,False,4.161261321000999
630,29.567,17.505,19.7763,6.0,0.0,0.884256,,60.0,30.0,30.0,1,60.0,0.0,0.9018034350408034,False,1.984429287537021
631,24.9891,36.2351,19.8219,7.0,0.0,1.61307,,60.0,30.0,30.0,1,60.0,0.0,1.6860557004590937,False,4.524645580110826
632,22.4316,18.2237,20.0286,5.0,0.0,0.835109,,60.0,30.0,30.0,1,60.0,0.0,0.8645240045843557,False,3.5222952434180153
633,20.1481,22.039,22.3253,10.0,0.0,0.932272,,60.0,30.0,30.0,1,60.0,0.0,0.9761445501102614,False,4.705981742480882
634,25.4913,35.046,21.1282,10.0,0.0,1.54394,,60.0,30.0,30.0,1,60.0,0.0,1.6137313661627997,False,4.520341863207092
635,21.4525,25.7992,20.3651,8.0,0.0,1.1084,,60.0,30.0,30.0,1,60.0,0.0,1.1605338381018615,False,4.703522022903415
636,25.1897,34.0045,19.6941,7.0,0.0,1.50859,,60.0,30.0,30.0,1,60.0,0.0,1.57848013845211,False,4.63281199345813
637,19.3055,29.4408,20.1286,5.0,0.0,1.24021,,60.0,30.0,30.0,1,60.0,0.0,1.2959468846354747,False,4.494148945378174
638,16.8368,34.6362,20.183,10.0,0.0,1.45029,,60.0,30.0,30.0,1,60.0,0.0,1.5055997736929618,False,3.81370441035667
639,27.3436,26.8803,21.109,5.0,0.0,1.20023,,60.0,30.0,30.0,1,60.0,0.0,1.2530002675705858,False,4.396679600625371
640,8.81635,34.6442,21.0477,10.0,0.0,1.3682,,60.0,30.0,30.0,1,60.0,0.0,1.3910233797178004,False,1.668131831442797
641,27.8836,28.9303,19.3823,8.0,0.0,1.31386,,60.0,30.0,30.0,1,60.0,0.0,1.3712632060521976,False,4.369050435525674
642,14.4625,27.7008,21.0213,9.0,0.0,1.1131,,60.0,30.0,30.0,1,60.0,0.0,1.158255149070519,False,4.056701919910079
643,30.3283,36.3669,20.3638,9.0,0.0,1.66556,,60.0,30.0,30.0,1,60.0,0.0,1.7434506409318309,False,4.676543680913984
644,13.2056,16.3178,18.888,10.0,0.0,0.683392,,60.0,30.0,30.0,1,60.0,0.0,0.7140343114166795,False,4.483855739704225
645,36.7215,27.0738,20.81,5.0,0.0,1.30153,,60.0,30.0,30.0,1,60.0,0.0,1.346841902777578,False,3.4814336033420594
646,13.6986,23.7466,20.2927,6.0,0.0,0.952656,,60.0,30.0,30.0,1,60.0,0.0,0.9940350538077012,False,4.34354623365635
647,27.1582,25.1285,21.2606,6.0,0.0,1.12632,,60.0,30.0,30.0,1,60.0,0.0,1.174031847386858,False,4.236082763944356
648,24.1397,34.8788,20.2871,6.0,0.0,1.53257,,60.0,30.0,30.0,1,60.0,0.0,1.601706371361931,False,4.511139547422373
649,9.88393,28.1538,21.1676,5.0,0.0,1.08798,,60.0,30.0,30.0,1,60.0,0.0,1.1193675810114498,False,2.8849409926147445
650,10.418,15.5508,20.4429,6.0,0.0,0.618741,,60.0,30.0,30.0,1,60.0,0.0,0.6471384899050061,False,4.5895600752182455
651,12.0865,24.3615,21.0457,5.0,0.0,0.956478,,60.0,30.0,30.0,1,60.0,0.0,0.9940317100462288,False,3.926249223320218
652,28.1292,20.0187,19.1032,8.0,0.0,0.971207,,60.0,30.0,30.0,1,60.0,0.0,0.9988671388380832,False,2.848016832465495
653,17.5042,18.5929,20.7734,7.0,0.0,0.79313,,60.0,30.0,30.0,1,60.0,0.0,0.8283026963025159,False,4.434669764416407
654,14.4085,26.5162,18.4126,8.0,0.0,1.08338,,60.0,30.0,30.0,1,60.0,0.0,1.1310978545660562,False,4.4045353030382834
655,27.7429,25.573,20.0743,8.0,0.0,1.1648,,60.0,30.0,30.0,1,60.0,0.0,1.2120587212122451,False,4.057239115062247
656,21.4125,36.9448,20.728,8.0,0.0,1.6036,,60.0,30.0,30.0,1,60.0,0.0,1.6710537744810747,False,4.2063965129131216
657,19.3938,33.166,20.2896,8.0,0.0,1.40521,,60.0,30.0,30.0,1,60.0,0.0,1.4657384610760276,False,4.307431706010311
658,28.6625,23.8188,18.825,5.0,0.0,1.1239,,60.0,30.0,30.0,1,60.0,0.0,1.162926459399734,False,3.472413862419614
659,19.9282,33.8656,18.7314,10.0,0.0,1.45932,,60.0,30.0,30.0,1,60.0,0.0,1.5239008657688655,False,4.425408119457389
660,29.5572,35.6645,20.399,8.0,0.0,1.62219,,60.0,30.0,30.0,1,60.0,0.0,1.6985641948642032,False,4.708091830439293
661,29.0218,23.2813,19.0211,5.0,0.0,1.10381,,60.0,30.0,30.0,1,60.0,0.0,1.1410637259689282,False,3.375012544634338
662,19.5407,31.3876,21.6081,8.0,0.0,1.31426,,60.0,30.0,30.0,1,60.0,0.0,1.3713106770903951,False,4.340897317912371
663,10.1333,28.2201,19.8948,9.0,0.0,1.09918,,60.0,30.0,30.0,1,60.0,0.0,1.1334184839135526,False,3.11491147160179
664,17.3618,23.981,19.9282,9.0,0.0,1.00048,,60.0,30.0,30.0,1,60.0,0.0,1.047019700868638,False,4.651737252982358
665,15.8046,34.3306,19.655,9.0,0.0,1.42972,,60.0,30.0,30.0,1,60.0,0.0,1.4831696421052911,False,3.738469218119003
666,19.7339,32.8101,19.0755,8.0,0.0,1.40443,,60.0,30.0,30.0,1,60.0,0.0,1.4667379392228757,False,4.4365286431417434
667,32.2955,36.8633,18.8295,9.0,0.0,1.73555,,60.0,30.0,30.0,1,60.0,0.0,1.8171666237268744,False,4.702637419081819
668,18.843,27.0067,20.4588,10.0,0.0,1.1309,,60.0,30.0,30.0,1,60.0,0.0,1.182478700821992,False,4.560854259615518
669,33.8567,19.565,21.6507,8.0,0.0,0.972832,,60.0,30.0,30.0,1,60.0,0.0,0.9958508363891156,False,2.366167682509993
670,29.0078,27.7352,19.6906,6.0,0.0,1.27073,,60.0,30.0,30.0,1,60.0,0.0,1.3235467931672775,False,4.156413492030377
671,6.60312,32.2288,20.7807,7.0,0.0,1.23552,,60.0,30.0,30.0,1,60.0,0.0,1.2486537169507403,False,1.0630112787118293
672,11.2037,16.4414,20.0753,10.0,0.0,0.659674,,60.0,30.0,30.0,1,60.0,0.0,0.6901821155461606,False,4.624726083817253
673,6.49017,34.4519,20.6208,10.0,0.0,1.33832,,60.0,30.0,30.0,1,60.0,0.0,1.3484118983259856,False,0.7540721446280165
674,26.9622,31.3299,18.8918,6.0,0.0,1.41561,,60.0,30.0,30.0,1,60.0,0.0,1.482528729394688,False,4.727200951864427
675,24.049,33.3866,21.9437,5.0,0.0,1.44328,,60.0,30.0,30.0,1,60.0,0.0,1.5078947278445023,False,4.476936411819079
676,23.8563,34.3521,19.5133,8.0,0.0,1.51384,,60.0,30.0,30.0,1,60.0,0.0,1.5829304126836246,False,4.563917764336025
677,18.182,27.153,20.2697,10.0,0.0,1.1321,,60.0,30.0,30.0,1,60.0,0.0,1.1833192284944722,False,4.52426715788995
678,13.3424,21.8779,19.6314,7.0,0.0,0.881835,,60.0,30.0,30.0,1,60.0,0.0,0.9214108083705188,False,4.487892674992348
679,34.7057,30.0022,20.2051,9.0,0.0,1.41517,,60.0,30.0,30.0,1,60.0,0.0,1.4715250062535696,False,3.982207526556498
680,11.0374,34.1125,19.7563,9.0,0.0,1.37063,,60.0,30.0,30.0,1,60.0,0.0,1.4076610245491612,False,2.7017520810985594
681,13.5028,28.517,21.0466,8.0,0.0,1.13791,,60.0,30.0,30.0,1,60.0,0.0,1.1804890433257438,False,3.741863884291711
682,24.893,32.2921,19.6268,7.0,0.0,1.42724,,60.0,30.0,30.0,1,60.0,0.0,1.4942125820403651,False,4.692454110056126
683,7.40804,28.6665,18.9644,6.0,0.0,1.09433,,60.0,30.0,30.0,1,60.0,0.0,1.1188118081871177,False,2.2371504196282332
684,14.7134,21.6835,18.7958,10.0,0.0,0.895051,,60.0,30.0,30.0,1,60.0,0.0,0.9367893053338108,False,4.663232076586779
685,38.7994,36.6807,21.2197,9.0,0.0,1.7489,,60.0,30.0,30.0,1,60.0,0.0,1.8265577098869437,False,4.440374514663146
686,40.541,20.9432,20.6104,10.0,0.0,1.10356,,60.0,30.0,30.0,1,60.0,0.0,1.1200024046941055,False,1.4899420687688394
687,20.6634,22.3007,20.7956,9.0,0.0,0.960761,,60.0,30.0,30.0,1,60.0,0.0,1.0031587230439178,False,4.412931316312576
688,8.1515,23.3607,20.2526,5.0,0.0,0.883203,,60.0,30.0,30.0,1,60.0,0.0,0.9105124201606782,False,3.092088699956667
689,24.9301,35.5085,20.6817,9.0,0.0,1.56623,,60.0,30.0,30.0,1,60.0,0.0,1.636723763909352,False,4.500856445691368
690,17.8941,16.8236,19.1108,8.0,0.0,0.748516,,60.0,30.0,30.0,1,60.0,0.0,0.7772693616976349,False,3.8413823749438873
691,25.6543,20.429,20.535,5.0,0.0,0.941265,,60.0,30.0,30.0,1,60.0,0.0,0.9748284828737216,False,3.565784648714397
692,11.3252,36.2033,19.7043,8.0,0.0,1.47535,,60.0,30.0,30.0,1,60.0,0.0,1.5129499888206526,False,2.548547044474371
693,15.9755,25.857,19.7754,9.0,0.0,1.06185,,60.0,30.0,30.0,1,60.0,0.0,1.109315643758544,False,4.470089349582721
694,27.9374,28.9075,20.0695,5.0,0.0,1.30363,,60.0,30.0,30.0,1,60.0,0.0,1.361337375980222,False,4.426668301605672
695,36.9559,27.566,20.5826,6.0,0.0,1.32787,,60.0,30.0,30.0,1,60.0,0.0,1.3743072693769796,False,3.4971246716154027
696,8.12137,31.0353,19.5298,10.0,0.0,1.20157,,60.0,30.0,30.0,1,60.0,0.0,1.2270484977857246,False,2.1204339144389865
697,14.3305,25.8613,22.0641,7.0,0.0,1.03032,,60.0,30.0,30.0,1,60.0,0.0,1.0730341142227806,False,4.145713392225785
698,7.51064,31.6992,21.9385,5.0,0.0,1.21652,,60.0,30.0,30.0,1,60.0,0.0,1.2332335741898333,False,1.3738840454602648
699,8.07638,31.7181,18.3264,5.0,0.0,1.23691,,60.0,30.0,30.0,1,60.0,0.0,1.264519162210047,False,2.2321076076712894
700,29.0853,28.2822,19.855,6.0,0.0,1.29183,,60.0,30.0,30.0,1,60.0,0.0,1.346666143914034,False,4.244842116534986
701,36.1905,28.4671,19.4682,10.0,0.0,1.37794,,60.0,30.0,30.0,1,60.0,0.0,1.4263571630405798,False,3.5137352163795126
702,21.8003,16.3633,20.8016,5.0,0.0,0.754519,,60.0,30.0,30.0,1,60.0,0.0,0.7798939687641234,False,3.3630655774239444
703,36.9982,31.6227,20.7923,7.0,0.0,1.49861,,60.0,30.0,30.0,1,60.0,0.0,1.5597850554260926,False,4.082119792747452
704,9.30204,28.5402,19.4696,8.0,0.0,1.10633,,60.0,30.0,30.0,1,60.0,0.0,1.138493578376857,False,2.9072318726652098
705,27.8525,27.1768,19.6457,8.0,0.0,1.23671,,60.0,30.0,30.0,1,60.0,0.0,1.2886342159304165,False,4.198576540208822
706,21.8351,22.3014,19.5452,9.0,0.0,0.985152,,60.0,30.0,30.0,1,60.0,0.0,1.026671891053731,False,4.2145669961316505
707,23.0273,35.0209,22.6325,6.0,0.0,1.5052,,60.0,30.0,30.0,1,60.0,0.0,1.5697813483738594,False,4.290549320612498
708,19.4818,22.2171,18.7221,5.0,0.0,0.966899,,60.0,30.0,30.0,1,60.0,0.0,1.0090254052455216,False,4.35685684290931
709,30.4519,20.6984,19.3325,10.0,0.0,1.01594,,60.0,30.0,30.0,1,60.0,0.0,1.0445789670941847,False,2.818962447997389
710,17.8534,21.9307,19.6037,9.0,0.0,0.929824,,60.0,30.0,30.0,1,60.0,0.0,0.973601392908204,False,4.708137551644617
711,45.6743,32.4054,17.9903,7.0,0.0,1.68604,,60.0,30.0,30.0,1,60.0,0.0,1.7354045372341071,False,2.9278390331253803
712,24.7842,22.1188,18.676,8.0,0.0,1.0196,,60.0,30.0,30.0,1,60.0,0.0,1.0571813231578522,False,3.6858888934731384
713,13.8509,17.6446,18.869,6.0,0.0,0.737429,,60.0,30.0,30.0,1,60.0,0.0,0.7722227270201543,False,4.718247725564666
714,7.35543,24.7837,21.0802,8.0,0.0,0.928287,,60.0,30.0,30.0,1,60.0,0.0,0.950482015740908,False,2.390964835326573
715,16.3181,29.4307,20.7562,9.0,0.0,1.2054,,60.0,30.0,30.0,1,60.0,0.0,1.256269406891123,False,4.220126670907837
716,17.1009,31.553,20.2329,7.0,0.0,1.30989,,60.0,30.0,30.0,1,60.0,0.0,1.3648909679507906,False,4.198899751184494
717,22.1658,34.5972,20.5583,10.0,0.0,1.49687,,60.0,30.0,30.0,1,60.0,0.0,1.5629132970607924,False,4.412093038192527
718,40.6661,23.8511,21.1254,6.0,0.0,1.20536,,60.0,30.0,30.0,1,60.0,0.0,1.235427920830218,False,2.4945178892793787
719,19.3478,20.0762,20.741,5.0,0.0,0.865171,,60.0,30.0,30.0,1,60.0,0.0,0.9032152441388264,False,4.3973092185043585
720,29.2571,17.1823,20.8523,8.0,0.0,0.854384,,60.0,30.0,30.0,1,60.0,0.0,0.8735884329930049,False,2.247751946783284
721,8.84504,34.5814,20.2604,10.0,0.0,1.3687,,60.0,30.0,30.0,1,60.0,0.0,1.3935275176918167,False,1.813948834062737
722,18.279,18.6382,19.5021,6.0,0.0,0.813626,,60.0,30.0,30.0,1,60.0,0.0,0.847621894020767,False,4.178319525281528
723,11.8876,29.8205,19.5117,7.0,0.0,1.18697,,60.0,30.0,30.0,1,60.0,0.0,1.2278908841456098,False,3.4475078684052405
724,13.1989,22.3784,19.3208,8.0,0.0,0.901462,,60.0,30.0,30.0,1,60.0,0.0,0.9417170953866894,False,4.465534363810051
725,19.5625,15.7176,20.3363,9.0,0.0,0.714663,,60.0,30.0,30.0,1,60.0,0.0,0.7397934817220478,False,3.5164100732859813
726,28.6302,19.3746,19.2194,10.0,0.0,0.950549,,60.0,30.0,30.0,1,60.0,0.0,0.976218665385622,False,2.7005094304051647
727,11.3931,30.3773,18.0824,8.0,0.0,1.21525,,60.0,30.0,30.0,1,60.0,0.0,1.2575115035744606,False,3.4775974963555383
728,8.24517,26.8415,18.8444,9.0,0.0,1.02786,,60.0,30.0,30.0,1,60.0,0.0,1.0573284452449088,False,2.8669707202253973
729,28.6304,25.8673,18.6381,9.0,0.0,1.20725,,60.0,30.0,30.0,1,60.0,0.0,1.2526678766330082,False,3.7620937364264426
730,23.2941,25.8177,21.0951,10.0,0.0,1.11927,,60.0,30.0,30.0,1,60.0,0.0,1.171980001661121,False,4.7093196155638095
731,22.1485,33.31,20.9139,5.0,0.0,1.43239,,60.0,30.0,30.0,1,60.0,0.0,1.4960153306952653,False,4.441899950101942
732,18.125,26.9111,20.2946,8.0,0.0,1.12143,,60.0,30.0,30.0,1,60.0,0.0,1.1722427313578314,False,4.531065813990306
733,31.9041,19.9305,20.6016,5.0,0.0,0.982976,,60.0,30.0,30.0,1,60.0,0.0,1.0081569371446797,False,2.561704166193247
734,34.8375,33.5465,19.0285,9.0,0.0,1.59729,,60.0,30.0,30.0,1,60.0,0.0,1.6641682286455282,False,4.186980989396293
735,13.9856,33.4231,19.8932,7.0,0.0,1.36693,,60.0,30.0,30.0,1,60.0,0.0,1.4141714245107146,False,3.4560236815868164
736,38.0925,26.9754,18.7302,8.0,0.0,1.35106,,60.0,30.0,30.0,1,60.0,0.0,1.3911947535104612,False,2.9706122237695776
737,22.8895,25.0403,18.27,10.0,0.0,1.11794,,60.0,30.0,30.0,1,60.0,0.0,1.165816834113131,False,4.282594245946209
738,14.3108,29.2147,21.2695,10.0,0.0,1.17365,,60.0,30.0,30.0,1,60.0,0.0,1.2182135822080733,False,3.797007813920097
739,19.187,19.8283,20.092,10.0,0.0,0.860474,,60.0,30.0,30.0,1,60.0,0.0,0.8976586731830924,False,4.3214174028608054
740,17.322,22.7837,20.2366,7.0,0.0,0.951739,,60.0,30.0,30.0,1,60.0,0.0,0.9958527560685082,False,4.635068655220413
741,24.4324,34.3858,21.6103,6.0,0.0,1.49718,,60.0,30.0,30.0,1,60.0,0.0,1.5641423652313708,False,4.472566106371371
742,27.5999,27.6558,20.2878,7.0,0.0,1.24501,,60.0,30.0,30.0,1,60.0,0.0,1.299411520323548,False,4.369564929080727
743,26.0244,29.9164,20.2582,10.0,0.0,1.32538,,60.0,30.0,30.0,1,60.0,0.0,1.387861702135943,False,4.714248150412934
744,23.0152,36.9861,20.3189,5.0,0.0,1.62547,,60.0,30.0,30.0,1,60.0,0.0,1.6966383166800012,False,4.378322373221359
745,11.0577,20.3358,20.4557,6.0,0.0,0.79665,,60.0,30.0,30.0,1,60.0,0.0,0.8308761739271643,False,4.296262339441953
746,18.4928,20.471,18.9975,8.0,0.0,0.887823,,60.0,30.0,30.0,1,60.0,0.0,0.9265047124215784,False,4.3569171356878975
747,15.074,13.0856,18.5507,10.0,0.0,0.593783,,60.0,30.0,30.0,1,60.0,0.0,0.6143110812251068,False,3.457168902630566
748,31.568,19.8412,19.0436,9.0,0.0,1.00132,,60.0,30.0,30.0,1,60.0,0.0,1.0228521286066008,False,2.150374366496306
749,19.2966,27.1086,21.383,8.0,0.0,1.13137,,60.0,30.0,30.0,1,60.0,0.0,1.182647750259935,False,4.532359021357742
750,13.1284,25.6178,20.1628,6.0,0.0,0.986748,,80.0,30.0,30.0,1,80.0,0.0,1.021964463132165,False,3.568941931695324
751,34.9534,19.322,20.0837,6.0,0.0,0.925252,,80.0,30.0,30.0,1,80.0,0.0,0.9416841676910562,False,1.7759667302590285
752,13.5978,33.8177,21.7878,10.0,0.0,1.33248,,80.0,30.0,30.0,1,80.0,0.0,1.3677041981721638,False,2.6435067072048892
753,9.0552,20.1532,19.5673,9.0,0.0,0.74945,,80.0,30.0,30.0,1,80.0,0.0,0.7750419929485032,False,3.4147698910538704
754,18.0202,35.9906,20.9959,10.0,0.0,1.47385,,80.0,30.0,30.0,1,80.0,0.0,1.5220169585754877,False,3.2681045272916225
755,16.0924,36.2306,19.1699,8.0,0.0,1.48263,,80.0,30.0,30.0,1,80.0,0.0,1.5298589767925923,False,3.1854863851798774
756,39.612,23.0263,19.2056,5.0,0.0,1.11394,,80.0,30.0,30.0,1,80.0,0.0,1.135184157124178,False,1.907118617176702
757,23.3535,16.0517,21.1194,5.0,0.0,0.70717,,80.0,30.0,30.0,1,80.0,0.0,0.7279677315084535,False,2.9409804585111847
758,13.6362,30.956,19.8537,5.0,0.0,1.21371,,80.0,30.0,30.0,1,80.0,0.0,1.2523249309883746,False,3.181561574706852
759,26.399,26.819,19.6569,10.0,0.0,1.14597,,80.0,30.0,30.0,1,80.0,0.0,1.1937371453128016,False,4.168271884325217
760,34.597,27.6838,20.332,6.0,0.0,1.23883,,80.0,30.0,30.0,1,80.0,0.0,1.2826956736901023,False,3.540895335930046
761,6.92461,19.7185,21.1927,6.0,0.0,0.711777,,80.0,30.0,30.0,1,80.0,0.0,0.730190034125726,False,2.5869105247466604
762,13.5335,28.444,19.9521,9.0,0.0,1.10543,,80.0,30.0,30.0,1,80.0,0.0,1.14309189653809,False,3.406990631527113
763,29.0913,19.9642,19.7351,5.0,0.0,0.905504,,80.0,30.0,30.0,1,80.0,0.0,0.9301673108076568,False,2.723710862421019
764,10.5167,27.3262,19.739,6.0,0.0,1.03595,,80.0,30.0,30.0,1,80.0,0.0,1.066308597271027,False,2.9305079657345403
765,19.6534,21.9968,21.3421,10.0,0.0,0.891174,,80.0,30.0,30.0,1,80.0,0.0,0.9284847426499454,False,4.186695600404117
766,9.04087,20.5582,20.8172,7.0,0.0,0.759663,,80.0,30.0,30.0,1,80.0,0.0,0.7840577875364024,False,3.2112644075599905
767,44.5272,16.1905,19.9438,5.0,0.0,0.894044,,80.0,30.0,30.0,1,80.0,0.0,0.8818917199519121,False,-1.3592485434819632
768,20.7867,31.7897,18.9262,7.0,0.0,1.3166,,80.0,30.0,30.0,1,80.0,0.0,1.3695535372567655,False,4.021991284882694
769,6.91143,20.858,20.4255,6.0,0.0,0.755232,,80.0,30.0,30.0,1,80.0,0.0,0.7742163592775452,False,2.5137122470373554
770,12.767,21.4123,20.4009,10.0,0.0,0.821932,,80.0,30.0,30.0,1,80.0,0.0,0.8536476265435843,False,3.8586679364697183
771,27.2366,30.6352,20.1461,5.0,0.0,1.30675,,80.0,30.0,30.0,1,80.0,0.0,1.361503916218815,False,4.190083506318336
772,10.0468,32.3377,19.5352,7.0,0.0,1.24716,,80.0,30.0,30.0,1,80.0,0.0,1.2753884567797718,False,2.2634190304188477
773,7.65385,21.563,20.8194,10.0,0.0,0.785983,,80.0,30.0,30.0,1,80.0,0.0,0.8067182057887551,False,2.63812395290421
774,21.3447,29.3668,18.4689,6.0,0.0,1.2209,,80.0,30.0,30.0,1,80.0,0.0,1.2721601929057755,False,4.198557859429554
775,32.602,30.3429,20.3617,9.0,0.0,1.33422,,80.0,30.0,30.0,1,80.0,0.0,1.3898622883360472,False,4.170398310327174
776,22.8081,27.0387,19.5663,7.0,0.0,1.12629,,80.0,30.0,30.0,1,80.0,0.0,1.1734358080776033,False,4.1859386195032595
777,8.73454,34.3611,19.975,8.0,0.0,1.32788,,80.0,30.0,30.0,1,80.0,0.0,1.3490342194083065,False,1.5930821616641964
778,23.7786,19.0642,18.9149,8.0,0.0,0.837995,,80.0,30.0,30.0,1,80.0,0.0,0.864267828247797,False,3.13520107492252
779,12.2578,25.6906,18.8927,9.0,0.0,0.989241,,80.0,30.0,30.0,1,80.0,0.0,1.0244484065734991,False,3.559032285711882
780,29.567,17.505,19.7763,9.0,0.0,0.820872,,80.0,30.0,30.0,1,80.0,0.0,0.8376607669627686,False,2.045235671672142
781,24.9891,36.2351,19.8219,7.0,0.0,1.55054,,80.0,30.0,30.0,1,80.0,0.0,1.6124422432366312,False,3.992302245451983
782,22.4316,18.2237,20.0286,6.0,0.0,0.78583,,80.0,30.0,30.0,1,80.0,0.0,0.8123646567786954,False,3.3766408483635617
783,20.1481,22.039,22.3253,7.0,0.0,0.889786,,80.0,30.0,30.0,1,80.0,0.0,0.9270620613880246,False,4.189328826035096
784,25.4913,35.046,21.1282,8.0,0.0,1.48406,,80.0,30.0,30.0,1,80.0,0.0,1.5432800729145073,False,3.9904096137964347
785,21.4525,25.7992,20.3651,9.0,0.0,1.05861,,80.0,30.0,30.0,1,80.0,0.0,1.1029704129343134,False,4.190439626898797
786,25.1897,34.0045,19.6941,6.0,0.0,1.44649,,80.0,30.0,30.0,1,80.0,0.0,1.5059556492110722,False,4.111030785630879
787,19.3055,29.4408,20.1286,10.0,0.0,1.19239,,80.0,30.0,30.0,1,80.0,0.0,1.2397307350406628,False,3.970239186898809
788,16.8368,34.6362,20.183,10.0,0.0,1.40469,,80.0,30.0,30.0,1,80.0,0.0,1.4514034631921764,False,3.3255353987126264
789,27.3436,26.8803,21.109,7.0,0.0,1.14077,,80.0,30.0,30.0,1,80.0,0.0,1.1883754200932628,False,4.173095373586501
790,8.81635,34.6442,21.0477,10.0,0.0,1.33831,,80.0,30.0,30.0,1,80.0,0.0,1.3571403791228855,False,1.4070267070324087
791,27.8836,28.9303,19.3823,6.0,0.0,1.24808,,80.0,30.0,30.0,1,80.0,0.0,1.3001600477596944,False,4.172813261945894
792,14.4625,27.7008,21.0213,9.0,0.0,1.07635,,80.0,30.0,30.0,1,80.0,0.0,1.1141949383403709,False,3.5160438835296093
793,30.3283,36.3669,20.3638,5.0,0.0,1.59379,,80.0,30.0,30.0,1,80.0,0.0,1.6608702158644095,False,4.208849087044685
794,13.2056,16.3178,18.888,8.0,0.0,0.65092,,80.0,30.0,30.0,1,80.0,0.0,0.6781921280717883,False,4.189781858260346
795,36.7215,27.0738,20.81,8.0,0.0,1.22417,,80.0,30.0,30.0,1,80.0,0.0,1.2648567463792662,False,3.323618972795132
796,13.6986,23.7466,20.2927,6.0,0.0,0.917769,,80.0,30.0,30.0,1,80.0,0.0,0.9525170305625438,False,3.7861412362526767
797,27.1582,25.1285,21.2606,7.0,0.0,1.06828,,80.0,30.0,30.0,1,80.0,0.0,1.112760147493119,False,4.163716206717258
798,24.1397,34.8788,20.2871,9.0,0.0,1.47341,,80.0,30.0,30.0,1,80.0,0.0,1.532058300746912,False,3.980446769528634
799,9.88393,28.1538,21.1676,7.0,0.0,1.05919,,80.0,30.0,30.0,1,80.0,0.0,1.0854896126365488,False,2.482992913126887
800,10.418,15.5508,20.4429,5.0,0.0,0.593777,,80.0,30.0,30.0,1,80.0,0.0,0.6179490681564754,False,4.0709000443727925
801,12.0865,24.3615,21.0457,8.0,0.0,0.92523,,80.0,30.0,30.0,1,80.0,0.0,0.9569487981186298,False,3.4282068370707566
802,28.1292,20.0187,19.1032,9.0,0.0,0.907224,,80.0,30.0,30.0,1,80.0,0.0,0.9320767246761108,False,2.739425398370278
803,17.5042,18.5929,20.7734,7.0,0.0,0.754302,,80.0,30.0,30.0,1,80.0,0.0,0.785830279289712,False,4.179795266314025
804,14.4085,26.5162,18.4126,8.0,0.0,1.04332,,80.0,30.0,30.0,1,80.0,0.0,1.0835113044966522,False,3.852250938988249
805,27.7429,25.573,20.0743,5.0,0.0,1.1026,,80.0,30.0,30.0,1,80.0,0.0,1.1478701117949033,False,4.105760184554985
806,21.4125,36.9448,20.728,6.0,0.0,1.54928,,80.0,30.0,30.0,1,80.0,0.0,1.6050890874207515,False,3.602259592891635
807,19.3938,33.166,20.2896,10.0,0.0,1.35575,,80.0,30.0,30.0,1,80.0,0.0,1.4059816110026004,False,3.70507918145679
808,28.6625,23.8188,18.825,7.0,0.0,1.05706,,80.0,30.0,30.0,1,80.0,0.0,1.0921765339587086,False,3.322094673784696
809,19.9282,33.8656,18.7314,9.0,0.0,1.40543,,80.0,30.0,30.0,1,80.0,0.0,1.45953973745394,False,3.8500485583728894
810,29.5572,35.6645,20.399,9.0,0.0,1.55286,,80.0,30.0,30.0,1,80.0,0.0,1.618158374460712,False,4.205039376422349
811,29.0218,23.2813,19.0211,9.0,0.0,1.03661,,80.0,30.0,30.0,1,80.0,0.0,1.0704808141154951,False,3.267459711511087
812,19.5407,31.3876,21.6081,6.0,0.0,1.26761,,80.0,30.0,30.0,1,80.0,0.0,1.3148532739686538,False,3.7269565535656795
813,10.1333,28.2201,19.8948,8.0,0.0,1.0687,,80.0,30.0,30.0,1,80.0,0.0,1.097734950567303,False,2.7168476248997004
814,17.3618,23.981,19.9282,10.0,0.0,0.958608,,80.0,30.0,30.0,1,80.0,0.0,0.9981477870513858,False,4.1247086453885045
815,15.8046,34.3306,19.655,6.0,0.0,1.38542,,80.0,30.0,30.0,1,80.0,0.0,1.4305451518712575,False,3.2571459825365174
816,19.7339,32.8101,19.0755,6.0,0.0,1.35217,,80.0,30.0,30.0,1,80.0,0.0,1.404524860275356,False,3.8719140548419095
817,32.2955,36.8633,18.8295,5.0,0.0,1.65477,,80.0,30.0,30.0,1,80.0,0.0,1.7243649209650502,False,4.205715656257374
818,18.843,27.0067,20.4588,6.0,0.0,1.08561,,80.0,30.0,30.0,1,80.0,0.0,1.1295091111791382,False,4.043727598229406
819,33.8567,19.565,21.6507,6.0,0.0,0.905509,,80.0,30.0,30.0,1,80.0,0.0,0.9272964808274676,False,2.4061031781536815
820,29.0078,27.7352,19.6906,10.0,0.0,1.20415,,80.0,30.0,30.0,1,80.0,0.0,1.2538942756799394,False,4.131069690648119
821,6.60312,32.2288,20.7807,9.0,0.0,1.21068,,80.0,30.0,30.0,1,80.0,0.0,1.2215693966099948,False,0.8994446600253388
822,11.2037,16.4414,20.0753,8.0,0.0,0.632524,,80.0,30.0,30.0,1,80.0,0.0,0.6585186308519794,False,4.1096671196633485
823,6.49017,34.4519,20.6208,5.0,0.0,1.31247,,80.0,30.0,30.0,1,80.0,0.0,1.321250050560557,False,0.6689715239629922
824,26.9622,31.3299,18.8918,7.0,0.0,1.34918,,80.0,30.0,30.0,1,80.0,0.0,1.4056915039109328,False,4.188581502166704
825,24.049,33.3866,21.9437,10.0,0.0,1.38841,,80.0,30.0,30.0,1,80.0,0.0,1.443114178176033,False,3.940059361142107
826,23.8563,34.3521,19.5133,10.0,0.0,1.45371,,80.0,30.0,30.0,1,80.0,0.0,1.5123961811764863,False,4.0369937041422475
827,18.182,27.153,20.2697,7.0,0.0,1.08767,,80.0,30.0,30.0,1,80.0,0.0,1.131213337017832,False,4.003359200661248
828,13.3424,21.8779,19.6314,5.0,0.0,0.847897,,80.0,30.0,30.0,1,80.0,0.0,0.8815272717373595,False,3.9663156889763074
829,34.7057,30.0022,20.2051,8.0,0.0,1.33835,,80.0,30.0,30.0,1,80.0,0.0,1.3928036740970726,False,4.0687170095320875
830,11.0374,34.1125,19.7563,8.0,0.0,1.33572,,80.0,30.0,30.0,1,80.0,0.0,1.3665080351683483,False,2.3049767292807077
831,13.5028,28.517,21.0466,9.0,0.0,1.10256,,80.0,30.0,30.0,1,80.0,0.0,1.138540223020422,False,3.2633346956557494
832,24.893,32.2921,19.6268,7.0,0.0,1.36638,,80.0,30.0,30.0,1,80.0,0.0,1.423631920434143,False,4.1900437970508255
833,7.40804,28.6665,18.9644,8.0,0.0,1.06819,,80.0,30.0,30.0,1,80.0,0.0,1.0885715605327893,False,1.908046371225089
834,14.7134,21.6835,18.7958,5.0,0.0,0.857267,,80.0,30.0,30.0,1,80.0,0.0,0.8929429404061454,False,4.161590310387011
835,38.7994,36.6807,21.2197,9.0,0.0,1.66383,,80.0,30.0,30.0,1,80.0,0.0,1.7337157276871786,False,4.200292559166424
836,40.541,20.9432,20.6104,6.0,0.0,1.02048,,80.0,30.0,30.0,1,80.0,0.0,1.0368798626259563,False,1.6070733993763988
837,20.6634,22.3007,20.7956,5.0,0.0,0.914264,,80.0,30.0,30.0,1,80.0,0.0,0.9524759284657984,False,4.179528939759026
838,8.1515,23.3607,20.2526,5.0,0.0,0.859176,,80.0,30.0,30.0,1,80.0,0.0,0.8818747441800758,False,2.6419201863268733
839,24.9301,35.5085,20.6817,8.0,0.0,1.50616,,80.0,30.0,30.0,1,80.0,0.0,1.5659361964928205,False,3.968781304298382
840,17.8941,16.8236,19.1108,8.0,0.0,0.706798,,80.0,30.0,30.0,1,80.0,0.0,0.7350629331728903,False,3.999011481765688
841,25.6543,20.429,20.535,9.0,0.0,0.886185,,80.0,30.0,30.0,1,80.0,0.0,0.9165101627179686,False,3.4219900718211878
842,11.3252,36.2033,19.7043,7.0,0.0,1.43874,,80.0,30.0,30.0,1,80.0,0.0,1.469854853472417,False,2.162646028637353
843,15.9755,25.857,19.7754,9.0,0.0,1.02124,,80.0,30.0,30.0,1,80.0,0.0,1.0616219347466809,False,3.9542061363323953
844,27.9374,28.9075,20.0695,6.0,0.0,1.23962,,80.0,30.0,30.0,1,80.0,0.0,1.2913996023304402,False,4.177054446559446
845,36.9559,27.566,20.5826,9.0,0.0,1.24914,,80.0,30.0,30.0,1,80.0,0.0,1.290836561171917,False,3.3380214525126983
846,8.12137,31.0353,19.5298,8.0,0.0,1.17359,,80.0,30.0,30.0,1,80.0,0.0,1.194651078760382,False,1.7945857378115007
847,14.3305,25.8613,22.0641,7.0,0.0,0.995783,,80.0,30.0,30.0,1,80.0,0.0,1.0314540688091007,False,3.5822130734407756
848,7.51064,31.6992,21.9385,9.0,0.0,1.19101,,80.0,30.0,30.0,1,80.0,0.0,1.2047787749463754,False,1.156058718766049
849,8.07638,31.7181,18.3264,8.0,0.0,1.20766,,80.0,30.0,30.0,1,80.0,0.0,1.2303870326005155,False,1.8819065465872482
850,29.0853,28.2822,19.855,7.0,0.0,1.22533,,80.0,30.0,30.0,1,80.0,0.0,1.2763853666939884,False,4.166662588363001
851,36.1905,28.4671,19.4682,8.0,0.0,1.29644,,80.0,30.0,30.0,1,80.0,0.0,1.3398907864070175,False,3.3515462656981807
852,21.8003,16.3633,20.8016,7.0,0.0,0.708706,,80.0,30.0,30.0,1,80.0,0.0,0.7314637058858625,False,3.2111631460524626
853,36.9982,31.6227,20.7923,9.0,0.0,1.41875,,80.0,30.0,30.0,1,80.0,0.0,1.477160395435285,False,4.117032277376919
854,9.30204,28.5402,19.4696,5.0,0.0,1.07718,,80.0,30.0,30.0,1,80.0,0.0,1.1038952372019029,False,2.480108914192877
855,27.8525,27.1768,19.6457,6.0,0.0,1.17247,,80.0,30.0,30.0,1,80.0,0.0,1.22114641545795,False,4.151612873502112
856,21.8351,22.3014,19.5452,6.0,0.0,0.93419,,80.0,30.0,30.0,1,80.0,0.0,0.9730911722154202,False,4.164160632785645
857,23.0273,35.0209,22.6325,7.0,0.0,1.45247,,80.0,30.0,30.0,1,80.0,0.0,1.5061246663723873,False,3.6940292310607012
858,19.4818,22.2171,18.7221,9.0,0.0,0.918694,,80.0,30.0,30.0,1,80.0,0.0,0.9570312805760502,False,4.173019588247037
859,30.4519,20.6984,19.3325,6.0,0.0,0.948604,,80.0,30.0,30.0,1,80.0,0.0,0.9734411650092312,False,2.618285924287813
860,17.8534,21.9307,19.6037,7.0,0.0,0.887068,,80.0,30.0,30.0,1,80.0,0.0,0.9242181648773092,False,4.187972610590086
861,45.6743,32.4054,17.9903,5.0,0.0,1.57638,,80.0,30.0,30.0,1,80.0,0.0,1.6200707052732777,False,2.771584597195967
862,24.7842,22.1188,18.676,9.0,0.0,0.961584,,80.0,30.0,30.0,1,80.0,0.0,0.9949513025155676,False,3.470035120755715
863,13.8509,17.6446,18.869,8.0,0.0,0.703111,,80.0,30.0,30.0,1,80.0,0.0,0.7325806064942153,False,4.191316377387818
864,7.35543,24.7837,21.0802,5.0,0.0,0.905364,,80.0,30.0,30.0,1,80.0,0.0,0.9238949367192404,False,2.046794076110873
865,16.3181,29.4307,20.7562,9.0,0.0,1.16414,,80.0,30.0,30.0,1,80.0,0.0,1.2062907817930224,False,3.6207656976843383
866,17.1009,31.553,20.2329,9.0,0.0,1.2654,,80.0,30.0,30.0,1,80.0,0.0,1.3109576523960986,False,3.600257025138181
867,22.1658,34.5972,20.5583,10.0,0.0,1.44207,,80.0,30.0,30.0,1,80.0,0.0,1.497231911707546,False,3.8251896029697687
868,40.6661,23.8511,21.1254,10.0,0.0,1.12317,,80.0,30.0,30.0,1,80.0,0.0,1.150674495223717,False,2.4488274458645525
869,19.3478,20.0762,20.741,9.0,0.0,0.822317,,80.0,30.0,30.0,1,80.0,0.0,0.8566493550122246,False,4.175075428602916
870,29.2571,17.1823,20.8523,9.0,0.0,0.794652,,80.0,30.0,30.0,1,80.0,0.0,0.8128357672399203,False,2.288267976412357
871,8.84504,34.5814,20.2604,7.0,0.0,1.33818,,80.0,30.0,30.0,1,80.0,0.0,1.3591566896452305,False,1.567553665817049
872,18.279,18.6382,19.5021,6.0,0.0,0.771168,,80.0,30.0,30.0,1,80.0,0.0,0.803139003135321,False,4.1457896509348275
873,11.8876,29.8205,19.5117,6.0,0.0,1.15224,,80.0,30.0,30.0,1,80.0,0.0,1.1867189469159485,False,2.9923407376890707
874,13.1989,22.3784,19.3208,7.0,0.0,0.867185,,80.0,30.0,30.0,1,80.0,0.0,0.9012976871308516,False,3.9337266132199686
875,19.5625,15.7176,20.3363,5.0,0.0,0.672388,,80.0,30.0,30.0,1,80.0,0.0,0.6950297876325413,False,3.3673693808547034
876,28.6302,19.3746,19.2194,8.0,0.0,0.886676,,80.0,30.0,30.0,1,80.0,0.0,0.9093509096779528,False,2.5572937214893408
877,11.3931,30.3773,18.0824,8.0,0.0,1.17947,,80.0,30.0,30.0,1,80.0,0.0,1.2150869299966742,False,3.0197402220212646
878,8.24517,26.8415,18.8444,7.0,0.0,1.00122,,80.0,30.0,30.0,1,80.0,0.0,1.0255220325676817,False,2.4272420215019386
879,28.6304,25.8673,18.6381,7.0,0.0,1.13906,,80.0,30.0,30.0,1,80.0,0.0,1.183953366029732,False,3.941264378499107
880,23.2941,25.8177,21.0951,9.0,0.0,1.06753,,80.0,30.0,30.0,1,80.0,0.0,1.1122110854240286,False,4.185464148457513
881,22.1485,33.31,20.9139,5.0,0.0,1.37895,,80.0,30.0,30.0,1,80.0,0.0,1.4324619941824857,False,3.8806333937043225
882,18.125,26.9111,20.2946,8.0,0.0,1.07725,,80.0,30.0,30.0,1,80.0,0.0,1.1204607396919375,False,4.0112081403515845
883,31.9041,19.9305,20.6016,8.0,0.0,0.916304,,80.0,30.0,30.0,1,80.0,0.0,0.9394335144222884,False,2.5242184277585156
884,34.8375,33.5465,19.0285,10.0,0.0,1.51392,,80.0,30.0,30.0,1,80.0,0.0,1.5770116443325293,False,4.167435817779628
885,13.9856,33.4231,19.8932,10.0,0.0,1.32691,,80.0,30.0,30.0,1,80.0,0.0,1.3666942231600243,False,2.998260858688553
886,38.0925,26.9754,18.7302,6.0,0.0,1.26354,,80.0,30.0,30.0,1,80.0,0.0,1.298793966642868,False,2.790095022149512
887,22.8895,25.0403,18.27,6.0,0.0,1.06087,,80.0,30.0,30.0,1,80.0,0.0,1.1050680646670925,False,4.166209306238514
888,14.3108,29.2147,21.2695,5.0,0.0,1.13679,,80.0,30.0,30.0,1,80.0,0.0,1.174467693334938,False,3.314393453050967
889,19.187,19.8283,20.092,8.0,0.0,0.816873,,80.0,30.0,30.0,1,80.0,0.0,0.8509433196840395,False,4.17082210870472
890,17.322,22.7837,20.2366,8.0,0.0,0.91027,,80.0,30.0,30.0,1,80.0,0.0,0.9484841978100468,False,4.19811680161345
891,24.4324,34.3858,21.6103,8.0,0.0,1.44051,,80.0,30.0,30.0,1,80.0,0.0,1.4971025265870532,False,3.928645173379794
892,27.5999,27.6558,20.2878,5.0,0.0,1.18275,,80.0,30.0,30.0,1,80.0,0.0,1.2320852023493103,False,4.1712282688066225
893,26.0244,29.9164,20.2582,6.0,0.0,1.265,,80.0,30.0,30.0,1,80.0,0.0,1.3180130892668611,False,4.190758044811163
894,23.0152,36.9861,20.3189,6.0,0.0,1.56737,,80.0,30.0,30.0,1,80.0,0.0,1.626290484757564,False,3.759194367479547
895,11.0577,20.3358,20.4557,7.0,0.0,0.768627,,80.0,30.0,30.0,1,80.0,0.0,0.7970524612912938,False,3.6982126950125176
896,18.4928,20.471,18.9975,7.0,0.0,0.843263,,80.0,30.0,30.0,1,80.0,0.0,0.878440175280272,False,4.171554459317197
897,15.074,13.0856,18.5507,9.0,0.0,0.558215,,80.0,30.0,30.0,1,80.0,0.0,0.5766359704850375,False,3.299977694085153
898,31.568,19.8412,19.0436,6.0,0.0,0.930666,,80.0,30.0,30.0,1,80.0,0.0,0.951294671032381,False,2.216549334818396
899,19.2966,27.1086,21.383,6.0,0.0,1.08674,,80.0,30.0,30.0,1,80.0,0.0,1.1303547003719414,False,4.013351893915875
900,13.1284,25.6178,17.4128,9.0,0.0,0.97892,,100.0,30.0,30.0,1,100.0,0.0,1.012459867703508,False,3.4262113046528744
901,34.9534,19.322,17.3337,8.0,0.0,0.909167,,100.0,30.0,30.0,1,100.0,0.0,0.9250901739036352,False,1.7514025370075343
902,13.5978,33.8177,19.0378,9.0,0.0,1.32276,,100.0,30.0,30.0,1,100.0,0.0,1.355687453678078,False,2.489299168260164
903,9.0552,20.1532,16.8173,8.0,0.0,0.744071,,100.0,30.0,30.0,1,100.0,0.0,0.7683699092300363,False,3.2656707800782856
904,18.0202,35.9906,18.2459,7.0,0.0,1.4622,,100.0,30.0,30.0,1,100.0,0.0,1.5075483791192252,False,3.101380051923491
905,16.0924,36.2306,16.4199,5.0,0.0,1.47297,,100.0,30.0,30.0,1,100.0,0.0,1.5181111789684816,False,3.0646366842828905
906,39.612,23.0263,16.4556,5.0,0.0,1.09715,,100.0,30.0,30.0,1,100.0,0.0,1.1173717000741803,False,1.8431117052527208
907,23.3535,16.0517,18.3694,7.0,0.0,0.695322,,100.0,30.0,30.0,1,100.0,0.0,0.7159575260255594,False,2.967765441847001
908,13.6362,30.956,17.1037,7.0,0.0,1.20519,,100.0,30.0,30.0,1,100.0,0.0,1.241931013658483,False,3.0485660898682303
909,26.399,26.819,16.9069,5.0,0.0,1.13308,,100.0,30.0,30.0,1,100.0,0.0,1.1780950565508832,False,3.9728047932081676
910,34.597,27.6838,17.582,8.0,0.0,1.2217,,100.0,30.0,30.0,1,100.0,0.0,1.2674412783498514,False,3.7440679667554573
911,6.92461,19.7185,18.4427,9.0,0.0,0.706848,,100.0,30.0,30.0,1,100.0,0.0,0.7241197458787839,False,2.4434879746117812
912,13.5335,28.444,17.2021,9.0,0.0,1.0972,,100.0,30.0,30.0,1,100.0,0.0,1.1328258918760323,False,3.246982489612867
913,29.0913,19.9642,16.9851,7.0,0.0,0.892181,,100.0,30.0,30.0,1,100.0,0.0,0.9163324604177824,False,2.7070135340006543
914,10.5167,27.3262,16.989,8.0,0.0,1.02919,,100.0,30.0,30.0,1,100.0,0.0,1.0580085549020286,False,2.8001199877601373
915,19.6534,21.9968,18.5921,5.0,0.0,0.880248,,100.0,30.0,30.0,1,100.0,0.0,0.9157527629944816,False,4.033495446110821
916,9.04087,20.5582,18.0672,7.0,0.0,0.75381,,100.0,30.0,30.0,1,100.0,0.0,0.776852506391051,False,3.0568056129596304
917,44.5272,16.1905,17.1938,6.0,0.0,0.874579,,100.0,30.0,30.0,1,100.0,0.0,0.8604375400805249,False,-1.6169448293950723
918,20.7867,31.7897,16.1762,7.0,0.0,1.30607,,100.0,30.0,30.0,1,100.0,0.0,1.3565759429193274,False,3.8670165396439167
919,6.91143,20.858,17.6755,7.0,0.0,0.750365,,100.0,30.0,30.0,1,100.0,0.0,0.7682759381439956,False,2.3869634303299985
920,12.767,21.4123,17.6509,5.0,0.0,0.814555,,100.0,30.0,30.0,1,100.0,0.0,0.8445966668184677,False,3.6881078402891947
921,27.2366,30.6352,17.3961,8.0,0.0,1.29254,,100.0,30.0,30.0,1,100.0,0.0,1.3446861414622435,False,4.034392859195344
922,10.0468,32.3377,16.7852,10.0,0.0,1.24005,,100.0,30.0,30.0,1,100.0,0.0,1.2668021620865175,False,2.1573454365967035
923,7.65385,21.563,18.0694,5.0,0.0,0.780628,,100.0,30.0,30.0,1,100.0,0.0,0.8001566716302274,False,2.5016616916415275
924,21.3447,29.3668,15.7189,8.0,0.0,1.21103,,100.0,30.0,30.0,1,100.0,0.0,1.259583212949403,False,4.009249395093668
925,32.602,30.3429,17.6117,8.0,0.0,1.31758,,100.0,30.0,30.0,1,100.0,0.0,1.369823778715478,False,3.9651314315243034
926,22.8081,27.0387,16.8163,6.0,0.0,1.11487,,100.0,30.0,30.0,1,100.0,0.0,1.1598015291062174,False,4.030203441317583
927,8.73454,34.3611,17.225,9.0,0.0,1.32085,,100.0,30.0,30.0,1,100.0,0.0,1.3411280291235927,False,1.5352257352154042
928,23.7786,19.0642,16.1649,5.0,0.0,0.827816,,100.0,30.0,30.0,1,100.0,0.0,0.8534778907940593,False,3.0999510512069515
929,12.2578,25.6906,16.1427,6.0,0.0,0.982482,,100.0,30.0,30.0,1,100.0,0.0,1.0162281808121665,False,3.4347887098355505
930,29.567,17.505,17.0263,5.0,0.0,0.807551,,100.0,30.0,30.0,1,100.0,0.0,0.8238335213420523,False,2.0162839674586897
931,24.9891,36.2351,17.0719,9.0,0.0,1.53688,,100.0,30.0,30.0,1,100.0,0.0,1.5954943697934292,False,3.813854679183095
932,22.4316,18.2237,17.2786,7.0,0.0,0.775032,,100.0,30.0,30.0,1,100.0,0.0,0.8030058375694333,False,3.609378395915688
933,20.1481,22.039,19.5753,10.0,0.0,0.878148,,100.0,30.0,30.0,1,100.0,0.0,0.9136071017243054,False,4.037941409000001
934,25.4913,35.046,18.3782,7.0,0.0,1.46916,,100.0,30.0,30.0,1,100.0,0.0,1.5249462885203175,False,3.7971554167223127
935,21.4525,25.7992,17.6151,7.0,0.0,1.04681,,100.0,30.0,30.0,1,100.0,0.0,1.0894243600212727,False,4.070878193872119
936,25.1897,34.0045,16.9441,10.0,0.0,1.43318,,100.0,30.0,30.0,1,100.0,0.0,1.4897995461740794,False,3.950623520707761
937,19.3055,29.4408,17.3786,6.0,0.0,1.18159,,100.0,30.0,30.0,1,100.0,0.0,1.226314652639854,False,3.7851245051036444
938,16.8368,34.6362,17.433,7.0,0.0,1.39422,,100.0,30.0,30.0,1,100.0,0.0,1.4383092417760803,False,3.162287284365474
939,27.3436,26.8803,18.359,7.0,0.0,1.12604,,100.0,30.0,30.0,1,100.0,0.0,1.1710652442331762,False,3.998547496818605
940,8.81635,34.6442,18.2977,6.0,0.0,1.33086,,100.0,30.0,30.0,1,100.0,0.0,1.3491744323003931,False,1.376135153238748
941,27.8836,28.9303,16.6323,8.0,0.0,1.23473,,100.0,30.0,30.0,1,100.0,0.0,1.283918955015562,False,3.9837822856464147
942,14.4625,27.7008,18.2713,10.0,0.0,1.06728,,100.0,30.0,30.0,1,100.0,0.0,1.1026786410709009,False,3.3167154889907846
943,30.3283,36.3669,17.6138,7.0,0.0,1.57734,,100.0,30.0,30.0,1,100.0,0.0,1.6406400087394832,False,4.013085874921277
944,13.2056,16.3178,16.138,7.0,0.0,0.644774,,100.0,30.0,30.0,1,100.0,0.0,0.6707669726299695,False,4.031330765503817
945,36.7215,27.0738,18.06,10.0,0.0,1.2056,,100.0,30.0,30.0,1,100.0,0.0,1.245947483345634,False,3.3466724739245266
946,13.6986,23.7466,17.5427,5.0,0.0,0.90981,,100.0,30.0,30.0,1,100.0,0.0,0.9428581686292304,False,3.632425300802413
947,27.1582,25.1285,18.5106,5.0,0.0,1.0537,,100.0,30.0,30.0,1,100.0,0.0,1.0954820544933197,False,3.965270427381571
948,24.1397,34.8788,17.5371,9.0,0.0,1.45981,,100.0,30.0,30.0,1,100.0,0.0,1.5152013982815324,False,3.7944251842042727
949,9.88393,28.1538,18.4176,6.0,0.0,1.05208,,100.0,30.0,30.0,1,100.0,0.0,1.0766706574780756,False,2.3373372251231515
950,10.418,15.5508,17.6929,6.0,0.0,0.58796,,100.0,30.0,30.0,1,100.0,0.0,0.6109158854205851,False,3.9043277468849955
951,12.0865,24.3615,18.2957,6.0,0.0,0.917567,,100.0,30.0,30.0,1,100.0,0.0,0.9474189526836058,False,3.253381244487404
952,28.1292,20.0187,16.3532,5.0,0.0,0.895125,,100.0,30.0,30.0,1,100.0,0.0,0.9193111385099124,False,2.70198447254992
953,17.5042,18.5929,18.0234,10.0,0.0,0.744995,,100.0,30.0,30.0,1,100.0,0.0,0.7748836490537707,False,4.011926127527132
954,14.4085,26.5162,15.6626,10.0,0.0,1.03615,,100.0,30.0,30.0,1,100.0,0.0,1.0745649931168415,False,3.707474122167795
955,27.7429,25.573,17.3243,6.0,0.0,1.08883,,100.0,30.0,30.0,1,100.0,0.0,1.131603007345802,False,3.9283457790290623
956,21.4125,36.9448,17.978,5.0,0.0,1.5362,,100.0,30.0,30.0,1,100.0,0.0,1.5892746720721087,False,3.454932435367055
957,19.3938,33.166,17.5396,10.0,0.0,1.34434,,100.0,30.0,30.0,1,100.0,0.0,1.3923190087577095,False,3.5689638601625653
958,28.6625,23.8188,16.075,9.0,0.0,1.0448,,100.0,30.0,30.0,1,100.0,0.0,1.0791586661231158,False,3.288540019440648
959,19.9282,33.8656,15.9814,5.0,0.0,1.39515,,100.0,30.0,30.0,1,100.0,0.0,1.446803929903778,False,3.7023925673782854
960,29.5572,35.6645,17.649,8.0,0.0,1.53679,,100.0,30.0,30.0,1,100.0,0.0,1.5984099038448631,False,4.009650234896312
961,29.0218,23.2813,16.2711,8.0,0.0,1.02415,,100.0,30.0,30.0,1,100.0,0.0,1.0571346895132754,False,3.220689304620953
962,19.5407,31.3876,18.8581,8.0,0.0,1.25554,,100.0,30.0,30.0,1,100.0,0.0,1.3004081357955686,False,3.5736126125466705
963,10.1333,28.2201,17.1448,5.0,0.0,1.06193,,100.0,30.0,30.0,1,100.0,0.0,1.089492010825603,False,2.5954639972129
964,17.3618,23.981,17.1782,5.0,0.0,0.949385,,100.0,30.0,30.0,1,100.0,0.0,0.9868091642252844,False,3.9419375938406844
965,15.8046,34.3306,16.905,7.0,0.0,1.37575,,100.0,30.0,30.0,1,100.0,0.0,1.4186134601308062,False,3.115643113269578
966,19.7339,32.8101,16.3255,7.0,0.0,1.34173,,100.0,30.0,30.0,1,100.0,0.0,1.39156438420005,False,3.7141887115924908
967,32.2955,36.8633,16.0795,6.0,0.0,1.63971,,100.0,30.0,30.0,1,100.0,0.0,1.7060577114830016,False,4.046307669222092
968,18.843,27.0067,17.7088,6.0,0.0,1.07504,,100.0,30.0,30.0,1,100.0,0.0,1.1167090802678197,False,3.8760492881957584
969,33.8567,19.565,18.9007,5.0,0.0,0.888135,,100.0,30.0,30.0,1,100.0,0.0,0.90981398415081,False,2.440955952733542
970,29.0078,27.7352,16.9406,10.0,0.0,1.1901,,100.0,30.0,30.0,1,100.0,0.0,1.237049785772263,False,3.9450286339184246
971,6.60312,32.2288,18.0307,10.0,0.0,1.20457,,100.0,30.0,30.0,1,100.0,0.0,1.2156348941566713,False,0.9185762684336598
972,11.2037,16.4414,17.3253,9.0,0.0,0.626444,,100.0,30.0,30.0,1,100.0,0.0,0.6511783313563423,False,3.948370701346375
973,6.49017,34.4519,17.8708,6.0,0.0,1.30617,,100.0,30.0,30.0,1,100.0,0.0,1.315513436417369,False,0.7153308081925791
974,26.9622,31.3299,16.1418,7.0,0.0,1.33658,,100.0,30.0,30.0,1,100.0,0.0,1.390442747133516,False,4.029893244962201
975,24.049,33.3866,19.1937,6.0,0.0,1.37384,,100.0,30.0,30.0,1,100.0,0.0,1.4251562752127986,False,3.7352439303556957
976,23.8563,34.3521,16.7633,8.0,0.0,1.44107,,100.0,30.0,30.0,1,100.0,0.0,1.4969352171022836,False,3.876648400305574
977,18.182,27.153,17.5197,6.0,0.0,1.07748,,100.0,30.0,30.0,1,100.0,0.0,1.1187223238458646,False,3.8276649075495204
978,13.3424,21.8779,16.8814,6.0,0.0,0.840647,,100.0,30.0,30.0,1,100.0,0.0,0.8724601203607681,False,3.7843613741282733
979,34.7057,30.0022,17.4551,5.0,0.0,1.32108,,100.0,30.0,30.0,1,100.0,0.0,1.372846542825917,False,3.9185017429615816
980,11.0374,34.1125,17.0063,10.0,0.0,1.32789,,100.0,30.0,30.0,1,100.0,0.0,1.3570242690273,False,2.194027293473103
981,13.5028,28.517,18.2966,7.0,0.0,1.0938,,100.0,30.0,30.0,1,100.0,0.0,1.1276816487121728,False,3.0976091344096446
982,24.893,32.2921,16.8768,5.0,0.0,1.35347,,100.0,30.0,30.0,1,100.0,0.0,1.4076644843513564,False,4.004114191770518
983,7.40804,28.6665,16.2144,8.0,0.0,1.06277,,100.0,30.0,30.0,1,100.0,0.0,1.082530619793213,False,1.8593505455755217
984,14.7134,21.6835,16.0458,9.0,0.0,0.850126,,100.0,30.0,30.0,1,100.0,0.0,0.8840486469144822,False,3.9903081324982534
985,38.7994,36.6807,18.4697,9.0,0.0,1.64274,,100.0,30.0,30.0,1,100.0,0.0,1.709060444814294,False,4.037184509678585
986,40.541,20.9432,17.8604,9.0,0.0,1.0017,,100.0,30.0,30.0,1,100.0,0.0,1.0171676472322284,False,1.5441396857570506
987,20.6634,22.3007,18.0456,9.0,0.0,0.903194,,100.0,30.0,30.0,1,100.0,0.0,0.9395323623345258,False,4.023317508146167
988,8.1515,23.3607,17.5026,6.0,0.0,0.853577,,100.0,30.0,30.0,1,100.0,0.0,0.8750601540153914,False,2.5168384358284444
989,24.9301,35.5085,17.9317,9.0,0.0,1.4918,,100.0,30.0,30.0,1,100.0,0.0,1.5481092922078508,False,3.774587224014663
990,17.8941,16.8236,16.3608,9.0,0.0,0.698738,,100.0,30.0,30.0,1,100.0,0.0,0.7254404397048948,False,3.82152390522554
991,25.6543,20.429,17.785,8.0,0.0,0.873365,,100.0,30.0,30.0,1,100.0,0.0,0.9053337479174942,False,3.660410929851124
992,11.3252,36.2033,16.9543,8.0,0.0,1.43054,,100.0,30.0,30.0,1,100.0,0.0,1.460058830334637,False,2.063474655349517
993,15.9755,25.857,17.0254,8.0,0.0,1.0125,,100.0,30.0,30.0,1,100.0,0.0,1.0506401031375676,False,3.7669237666733495
994,27.9374,28.9075,17.3195,6.0,0.0,1.22541,,100.0,30.0,30.0,1,100.0,0.0,1.2744660401336636,False,4.003234846595301
995,36.9559,27.566,17.8326,8.0,0.0,1.2307,,100.0,30.0,30.0,1,100.0,0.0,1.271988307804324,False,3.354863720185587
996,8.12137,31.0353,16.7798,5.0,0.0,1.16738,,100.0,30.0,30.0,1,100.0,0.0,1.1877938571970668,False,1.7486899892979728
997,14.3305,25.8613,19.3141,7.0,0.0,0.986911,,100.0,30.0,30.0,1,100.0,0.0,1.019851408686946,False,3.3377283956654575
998,7.51064,31.6992,19.1885,8.0,0.0,1.18434,,100.0,30.0,30.0,1,100.0,0.0,1.197676902971933,False,1.1261042413439568
999,8.07638,31.7181,15.5764,10.0,0.0,1.20191,,100.0,30.0,30.0,1,100.0,0.0,1.22415754825622,False,1.8510161539732495
1000,29.0853,28.2822,17.105,8.0,0.0,1.21098,,100.0,30.0,30.0,1,100.0,0.0,1.2589558005987591,False,3.961733521508131
1001,36.1905,28.4671,16.7182,5.0,0.0,1.27987,,100.0,30.0,30.0,1,100.0,0.0,1.3225700987092022,False,3.3362840530055475
1002,21.8003,16.3633,18.0516,6.0,0.0,0.697735,,100.0,30.0,30.0,1,100.0,0.0,0.7202928230646091,False,3.2330072397986442
1003,36.9982,31.6227,18.0423,9.0,0.0,1.39958,,100.0,30.0,30.0,1,100.0,0.0,1.4547278643888573,False,3.9403152652122215
1004,9.30204,28.5402,16.7196,6.0,0.0,1.07058,,100.0,30.0,30.0,1,100.0,0.0,1.0962772028994028,False,2.4003066468085237
1005,27.8525,27.1768,16.8957,7.0,0.0,1.15899,,100.0,30.0,30.0,1,100.0,0.0,1.2047943479230685,False,3.9520917284073662
1006,21.8351,22.3014,16.7952,9.0,0.0,0.923676,,100.0,30.0,30.0,1,100.0,0.0,0.960241060286458,False,3.958645703304827
1007,23.0273,35.0209,19.8825,6.0,0.0,1.43783,,100.0,30.0,30.0,1,100.0,0.0,1.4885881966508554,False,3.5301945745224024
1008,19.4818,22.2171,15.9721,7.0,0.0,0.909925,,100.0,30.0,30.0,1,100.0,0.0,0.94623225196982,False,3.990136766197213
1009,30.4519,20.6984,16.5825,7.0,0.0,0.935239,,100.0,30.0,30.0,1,100.0,0.0,0.9594234419358844,False,2.5859103326405672
1010,17.8534,21.9307,16.8537,7.0,0.0,0.87808,,100.0,30.0,30.0,1,100.0,0.0,0.913493166177392,False,4.033022751616252
1011,45.6743,32.4054,15.2403,5.0,0.0,1.55959,,100.0,30.0,30.0,1,100.0,0.0,1.6016203427814693,False,2.6949610334427136
1012,24.7842,22.1188,15.926,6.0,0.0,0.950673,,100.0,30.0,30.0,1,100.0,0.0,0.9857823201783942,False,3.6931016425620786
1013,13.8509,17.6446,16.119,10.0,0.0,0.696622,,100.0,30.0,30.0,1,100.0,0.0,0.7247260644462656,False,4.034334897012394
1014,7.35543,24.7837,18.3302,7.0,0.0,0.899735,,100.0,30.0,30.0,1,100.0,0.0,0.9171614841886242,False,1.9368463145953252
1015,16.3181,29.4307,18.0062,9.0,0.0,1.15419,,100.0,30.0,30.0,1,100.0,0.0,1.1943146570563674,False,3.476434300796867
1016,17.1009,31.553,17.4829,5.0,0.0,1.25517,,100.0,30.0,30.0,1,100.0,0.0,1.2986206743458304,False,3.461736206715465
1017,22.1658,34.5972,17.8083,6.0,0.0,1.42911,,100.0,30.0,30.0,1,100.0,0.0,1.481415816831869,False,3.660027347920654
1018,40.6661,23.8511,18.3754,9.0,0.0,1.10283,,100.0,30.0,30.0,1,100.0,0.0,1.1300530102355668,False,2.4684684163077573
1019,19.3478,20.0762,17.991,8.0,0.0,0.812081,,100.0,30.0,30.0,1,100.0,0.0,0.8445651899303532,False,4.000116974828026
1020,29.2571,17.1823,18.1023,9.0,0.0,0.780304,,100.0,30.0,30.0,1,100.0,0.0,0.7982360541008545,False,2.298085630838048
1021,8.84504,34.5814,17.5104,10.0,0.0,1.33096,,100.0,30.0,30.0,1,100.0,0.0,1.3509918638524885,False,1.5050688114209716
1022,18.279,18.6382,16.7521,6.0,0.0,0.762436,,100.0,30.0,30.0,1,100.0,0.0,0.7925681976485662,False,3.9520953428964827
1023,11.8876,29.8205,16.7617,10.0,0.0,1.14474,,100.0,30.0,30.0,1,100.0,0.0,1.177617153622278,False,2.872019290168757
1024,13.1989,22.3784,16.5708,10.0,0.0,0.860131,,100.0,30.0,30.0,1,100.0,0.0,0.8924540943354043,False,3.7579269129242374
1025,19.5625,15.7176,17.5863,10.0,0.0,0.662772,,100.0,30.0,30.0,1,100.0,0.0,0.6866912908048703,False,3.6089772659180412
1026,28.6302,19.3746,16.4694,5.0,0.0,0.874289,,100.0,30.0,30.0,1,100.0,0.0,0.8963182916353447,False,2.519680750340531
1027,11.3931,30.3773,15.3324,5.0,0.0,1.17301,,100.0,30.0,30.0,1,100.0,0.0,1.207432332250052,False,2.934530161725123
1028,8.24517,26.8415,16.0944,6.0,0.0,0.995414,,100.0,30.0,30.0,1,100.0,0.0,1.0190239432603003,False,2.3718717297828142
1029,28.6304,25.8673,15.8881,7.0,0.0,1.12691,,100.0,30.0,30.0,1,100.0,0.0,1.1692793609109209,False,3.759782139737938
1030,23.2941,25.8177,18.3451,5.0,0.0,1.05472,,100.0,30.0,30.0,1,100.0,0.0,1.097246818720638,False,4.032048194842024
1031,22.1485,33.31,18.1639,7.0,0.0,1.3659,,100.0,30.0,30.0,1,100.0,0.0,1.4164311058775976,False,3.6994733053369706
1032,18.125,26.9111,17.5446,5.0,0.0,1.0671,,100.0,30.0,30.0,1,100.0,0.0,1.108041365691644,False,3.8366943765011685
1033,31.9041,19.9305,17.8516,7.0,0.0,0.900796,,100.0,30.0,30.0,1,100.0,0.0,0.9235926985784548,False,2.530728220202442
1034,34.8375,33.5465,16.2785,7.0,0.0,1.49804,,100.0,30.0,30.0,1,100.0,0.0,1.557399311529606,False,3.962465056313987
1035,13.9856,33.4231,17.1432,10.0,0.0,1.31793,,100.0,30.0,30.0,1,100.0,0.0,1.3557500765085029,False,2.869657455896962
1036,38.0925,26.9754,15.9802,8.0,0.0,1.24788,,100.0,30.0,30.0,1,100.0,0.0,1.282053356647597,False,2.7385130499404426
1037,22.8895,25.0403,15.52,5.0,0.0,1.05127,,100.0,30.0,30.0,1,100.0,0.0,1.0929044733857671,False,3.960397746132507
1038,14.3108,29.2147,18.5195,8.0,0.0,1.12751,,100.0,30.0,30.0,1,100.0,0.0,1.1628516286201385,False,3.1344847158906313
1039,19.187,19.8283,17.342,7.0,0.0,0.807185,,100.0,30.0,30.0,1,100.0,0.0,0.8393013472364427,False,3.9788087286610416
1040,17.322,22.7837,17.4866,10.0,0.0,0.900942,,100.0,30.0,30.0,1,100.0,0.0,0.937081985827457,False,4.011355428813069
1041,24.4324,34.3858,18.8603,5.0,0.0,1.42583,,100.0,30.0,30.0,1,100.0,0.0,1.4790161712741112,False,3.7301902242280844
1042,27.5999,27.6558,17.5378,8.0,0.0,1.16858,,100.0,30.0,30.0,1,100.0,0.0,1.2151781799653394,False,3.9875900636104875
1043,26.0244,29.9164,17.5082,7.0,0.0,1.25126,,100.0,30.0,30.0,1,100.0,0.0,1.301762931072995,False,4.036166030480873
1044,23.0152,36.9861,17.5689,7.0,0.0,1.55393,,100.0,30.0,30.0,1,100.0,0.0,1.6100470465188517,False,3.6112982257149056
1045,11.0577,20.3358,17.7057,9.0,0.0,0.762058,,100.0,30.0,30.0,1,100.0,0.0,0.7892040341432814,False,3.5622005337233418
1046,18.4928,20.471,16.2475,10.0,0.0,0.83473,,100.0,30.0,30.0,1,100.0,0.0,0.8679594095501999,False,3.980857229307672
1047,15.074,13.0856,15.8007,10.0,0.0,0.552019,,100.0,30.0,30.0,1,100.0,0.0,0.5699826715913614,False,3.2541763220761175
1048,31.568,19.8412,16.2936,9.0,0.0,0.91743,,100.0,30.0,30.0,1,100.0,0.0,0.937231117750624,False,2.1583246406400476
1049,19.2966,27.1086,18.633,9.0,0.0,1.0754,,100.0,30.0,30.0,1,100.0,0.0,1.116556367470116,False,3.8270752715376686
1050,13.1284,25.6178,17.4128,8.0,0.0,0.961332,,120.0,30.0,30.0,1,120.0,0.0,0.9912774347545524,False,3.114994065999308
1051,34.9534,19.322,17.3337,9.0,0.0,0.872295,,120.0,30.0,30.0,1,120.0,0.0,0.8868511495426018,False,1.6687186723071619
1052,13.5978,33.8177,19.0378,6.0,0.0,1.30367,,120.0,30.0,30.0,1,120.0,0.0,1.3333721629114026,False,2.27834980565653
1053,9.0552,20.1532,16.8173,6.0,0.0,0.731212,,120.0,30.0,30.0,1,120.0,0.0,0.7530438838522803,False,2.985711921068076
1054,18.0202,35.9906,18.2459,10.0,0.0,1.43804,,120.0,30.0,30.0,1,120.0,0.0,1.4786645920851431,False,2.8249973634351706
1055,16.0924,36.2306,16.4199,7.0,0.0,1.44886,,120.0,30.0,30.0,1,120.0,0.0,1.4892452789821766,False,2.787383113770591
1056,39.612,23.0263,16.4556,10.0,0.0,1.05308,,120.0,30.0,30.0,1,120.0,0.0,1.0715702128518712,False,1.7558222406532396
1057,23.3535,16.0517,18.3694,9.0,0.0,0.671377,,120.0,30.0,30.0,1,120.0,0.0,0.6923990825611114,False,3.1311889685097007
1058,13.6362,30.956,17.1037,5.0,0.0,1.18552,,120.0,30.0,30.0,1,120.0,0.0,1.218391749070412,False,2.7727705201440735
1059,26.399,26.819,16.9069,7.0,0.0,1.102,,120.0,30.0,30.0,1,120.0,0.0,1.142926934498372,False,3.713877903663504
1060,34.597,27.6838,17.582,7.0,0.0,1.18377,,120.0,30.0,30.0,1,120.0,0.0,1.225182052880486,False,3.498319173529148
1061,6.92461,19.7185,18.4427,10.0,0.0,0.696738,,120.0,30.0,30.0,1,120.0,0.0,0.7123485559319971,False,2.240520243189996
1062,13.5335,28.444,17.2021,9.0,0.0,1.07835,,120.0,30.0,30.0,1,120.0,0.0,1.1103038839965855,False,2.9632201044730944
1063,29.0913,19.9642,16.9851,10.0,0.0,0.860162,,120.0,30.0,30.0,1,120.0,0.0,0.8852872086814098,False,2.9209856610045284
1064,10.5167,27.3262,16.989,10.0,0.0,1.01342,,120.0,30.0,30.0,1,120.0,0.0,1.0392508887395124,False,2.5488828658909877
1065,19.6534,21.9968,18.5921,10.0,0.0,0.858516,,120.0,30.0,30.0,1,120.0,0.0,0.8908145342981417,False,3.7621353938822084
1066,9.04087,20.5582,18.0672,8.0,0.0,0.74148,,120.0,30.0,30.0,1,120.0,0.0,0.7620990910721144,False,2.7808020542852603
1067,44.5272,16.1905,17.1938,8.0,0.0,0.828881,,120.0,30.0,30.0,1,120.0,0.0,0.8180423850903061,False,-1.3076201420582503
1068,20.7867,31.7897,16.1762,5.0,0.0,1.27824,,120.0,30.0,30.0,1,120.0,0.0,1.3237994755824218,False,3.5642348527993013
1069,6.91143,20.858,17.6755,6.0,0.0,0.739748,,120.0,30.0,30.0,1,120.0,0.0,0.7559546491068543,False,2.190833784863808
1070,12.767,21.4123,17.6509,5.0,0.0,0.798402,,120.0,30.0,30.0,1,120.0,0.0,0.825544124305123,False,3.399556151553113
1071,27.2366,30.6352,17.3961,7.0,0.0,1.26045,,120.0,30.0,30.0,1,120.0,0.0,1.3079195247043656,False,3.766077567881748
1072,10.0468,32.3377,16.7852,5.0,0.0,1.22324,,120.0,30.0,30.0,1,120.0,0.0,1.2476156734445074,False,1.9927138946165353
1073,7.65385,21.563,18.0694,9.0,0.0,0.769322,,120.0,30.0,30.0,1,120.0,0.0,0.7869350439460037,False,2.2894241872718726
1074,21.3447,29.3668,15.7189,8.0,0.0,1.18264,,120.0,30.0,30.0,1,120.0,0.0,1.226266984932043,False,3.6889488713423337
1075,32.602,30.3429,17.6117,10.0,0.0,1.28091,,120.0,30.0,30.0,1,120.0,0.0,1.3282314117618617,False,3.694358835660715
1076,22.8081,27.0387,16.8163,5.0,0.0,1.08708,,120.0,30.0,30.0,1,120.0,0.0,1.128019143943302,False,3.7659734282023405
1077,8.73454,34.3611,17.225,10.0,0.0,1.30496,,120.0,30.0,30.0,1,120.0,0.0,1.3244707178339534,False,1.4951199909540163
1078,23.7786,19.0642,16.1649,10.0,0.0,0.799956,,120.0,30.0,30.0,1,120.0,0.0,0.8263282396830294,False,3.296711279499044
1079,12.2578,25.6906,16.1427,7.0,0.0,0.964793,,120.0,30.0,30.0,1,120.0,0.0,0.9949258645327606,False,3.1232465961880465
1080,29.567,17.505,17.0263,10.0,0.0,0.775661,,120.0,30.0,30.0,1,120.0,0.0,0.7905842025148613,False,1.9239335888824156
1081,24.9891,36.2351,17.0719,7.0,0.0,1.50491,,120.0,30.0,30.0,1,120.0,0.0,1.558006420216965,False,3.528212332761762
1082,22.4316,18.2237,17.2786,8.0,0.0,0.750185,,120.0,30.0,30.0,1,120.0,0.0,0.775909393760012,False,3.429073329913556
1083,20.1481,22.039,19.5753,7.0,0.0,0.856861,,120.0,30.0,30.0,1,120.0,0.0,0.8888750219816144,False,3.736197817570692
1084,25.4913,35.046,18.3782,9.0,0.0,1.43879,,120.0,30.0,30.0,1,120.0,0.0,1.489354235684179,False,3.514358293022532
1085,21.4525,25.7992,17.6151,7.0,0.0,1.02179,,120.0,30.0,30.0,1,120.0,0.0,1.0599868871861713,False,3.7382326296177606
1086,25.1897,34.0045,16.9441,6.0,0.0,1.40148,,120.0,30.0,30.0,1,120.0,0.0,1.4521345349345465,False,3.614360171714645
1087,19.3055,29.4408,17.3786,9.0,0.0,1.1572,,120.0,30.0,30.0,1,120.0,0.0,1.197784189204789,False,3.507102420047434
1088,16.8368,34.6362,17.433,10.0,0.0,1.3708,,120.0,30.0,30.0,1,120.0,0.0,1.4103955048794632,False,2.888496124851413
1089,27.3436,26.8803,18.359,8.0,0.0,1.09612,,120.0,30.0,30.0,1,120.0,0.0,1.1370814669271152,False,3.7369509658719138
1090,8.81635,34.6442,18.2977,5.0,0.0,1.31531,,120.0,30.0,30.0,1,120.0,0.0,1.3334412148414696,False,1.3784746441120057
1091,27.8836,28.9303,16.6323,6.0,0.0,1.20125,,120.0,30.0,30.0,1,120.0,0.0,1.2460869101878185,False,3.7325211394646036
1092,14.4625,27.7008,18.2713,10.0,0.0,1.04836,,120.0,30.0,30.0,1,120.0,0.0,1.0804184783415998,False,3.0579646630546575
1093,30.3283,36.3669,17.6138,5.0,0.0,1.54116,,120.0,30.0,30.0,1,120.0,0.0,1.597669685027924,False,3.666698138280507
1094,13.2056,16.3178,16.138,10.0,0.0,0.628184,,120.0,30.0,30.0,1,120.0,0.0,0.6517929943761378,False,3.7582928530713677
1095,36.7215,27.0738,18.06,10.0,0.0,1.16675,,120.0,30.0,30.0,1,120.0,0.0,1.2065645769230715,False,3.4124342766720854
1096,13.6986,23.7466,17.5427,7.0,0.0,0.892185,,120.0,30.0,30.0,1,120.0,0.0,0.9220191958575804,False,3.3439472595459914
1097,27.1582,25.1285,18.5106,6.0,0.0,1.02439,,120.0,30.0,30.0,1,120.0,0.0,1.0624811012594733,False,3.7184179130480923
1098,24.1397,34.8788,17.5371,8.0,0.0,1.42965,,120.0,30.0,30.0,1,120.0,0.0,1.4798702319345618,False,3.512764098524933
1099,9.88393,28.1538,18.4176,5.0,0.0,1.03745,,120.0,30.0,30.0,1,120.0,0.0,1.0596891812716998,False,2.1436388521567085
1100,10.418,15.5508,17.6929,10.0,0.0,0.575276,,120.0,30.0,30.0,1,120.0,0.0,0.595895230370893,False,3.584232676296764
1101,12.0865,24.3615,18.2957,8.0,0.0,0.901757,,120.0,30.0,30.0,1,120.0,0.0,0.928564443751626,False,2.972801292546208
1102,28.1292,20.0187,16.3532,9.0,0.0,0.862974,,120.0,30.0,30.0,1,120.0,0.0,0.8881463817644405,False,2.9169339707152795
1103,17.5042,18.5929,18.0234,9.0,0.0,0.725419,,120.0,30.0,30.0,1,120.0,0.0,0.752576012695948,False,3.7436312939071
1104,14.4085,26.5162,15.6626,5.0,0.0,1.01573,,120.0,30.0,30.0,1,120.0,0.0,1.0503118011433688,False,3.404625357463965
1105,27.7429,25.573,17.3243,10.0,0.0,1.05738,,120.0,30.0,30.0,1,120.0,0.0,1.095827047064628,False,3.6360671721262077
1106,21.4125,36.9448,17.978,10.0,0.0,1.50845,,120.0,30.0,30.0,1,120.0,0.0,1.5559093928909176,False,3.146235731440717
1107,19.3938,33.166,17.5396,10.0,0.0,1.31906,,120.0,30.0,30.0,1,120.0,0.0,1.3621449700452588,False,3.2663389114413985
1108,28.6625,23.8188,16.075,7.0,0.0,1.0107,,120.0,30.0,30.0,1,120.0,0.0,1.045035196056607,False,3.3971698878606094
1109,19.9282,33.8656,15.9814,10.0,0.0,1.36739,,120.0,30.0,30.0,1,120.0,0.0,1.4140396806954836,False,3.4115856263014557
1110,29.5572,35.6645,17.649,9.0,0.0,1.50157,,120.0,30.0,30.0,1,120.0,0.0,1.5565952810972925,False,3.6645165458348545
1111,29.0218,23.2813,16.2711,9.0,0.0,0.990595,,120.0,30.0,30.0,1,120.0,0.0,1.0236849224076014,False,3.340408785386707
1112,19.5407,31.3876,18.8581,5.0,0.0,1.23187,,120.0,30.0,30.0,1,120.0,0.0,1.2721958263757625,False,3.273545615670682
1113,10.1333,28.2201,17.1448,5.0,0.0,1.04642,,120.0,30.0,30.0,1,120.0,0.0,1.0711364701967965,False,2.3620028474987644
1114,17.3618,23.981,17.1782,5.0,0.0,0.927656,,120.0,30.0,30.0,1,120.0,0.0,0.9613854702867,False,3.63598901820286
1115,15.8046,34.3306,16.905,6.0,0.0,1.35293,,120.0,30.0,30.0,1,120.0,0.0,1.3913552338725188,False,2.8401494439859296
1116,19.7339,32.8101,16.3255,7.0,0.0,1.31487,,120.0,30.0,30.0,1,120.0,0.0,1.3598989104521926,False,3.424590298066926
1117,32.2955,36.8633,16.0795,10.0,0.0,1.59874,,120.0,30.0,30.0,1,120.0,0.0,1.6590764645425684,False,3.7740010597450713
1118,18.843,27.0067,17.7088,5.0,0.0,1.05178,,120.0,30.0,30.0,1,120.0,0.0,1.0895690273205083,False,3.5928642226043825
1119,33.8567,19.565,18.9007,8.0,0.0,0.854912,,120.0,30.0,30.0,1,120.0,0.0,0.8754585973152995,False,2.4033581602901246
1120,29.0078,27.7352,16.9406,5.0,0.0,1.15633,,120.0,30.0,30.0,1,120.0,0.0,1.198691794179982,False,3.6634692674220912
1121,6.60312,32.2288,18.0307,6.0,0.0,1.19157,,120.0,30.0,30.0,1,120.0,0.0,1.2047617817594385,False,1.107092471230265
1122,11.2037,16.4414,17.3253,9.0,0.0,0.612628,,120.0,30.0,30.0,1,120.0,0.0,0.634750687202229,False,3.611112649475554
1123,6.49017,34.4519,17.8708,6.0,0.0,1.29259,,120.0,30.0,30.0,1,120.0,0.0,1.3043806783963916,False,0.9121746568046865
1124,26.9622,31.3299,16.1418,5.0,0.0,1.3026,,120.0,30.0,30.0,1,120.0,0.0,1.351565269460648,False,3.759041107066478
1125,24.049,33.3866,19.1937,7.0,0.0,1.3461,,120.0,30.0,30.0,1,120.0,0.0,1.392693374000776,False,3.461360523049997
1126,23.8563,34.3521,16.7633,8.0,0.0,1.4103,,120.0,30.0,30.0,1,120.0,0.0,1.4606348554228603,False,3.569088521793959
1127,18.182,27.153,17.5197,5.0,0.0,1.05461,,120.0,30.0,30.0,1,120.0,0.0,1.0922118962511065,False,3.565478826400891
1128,13.3424,21.8779,16.8814,10.0,0.0,0.823296,,120.0,30.0,30.0,1,120.0,0.0,0.8521599004506779,False,3.50589586863994
1129,34.7057,30.0022,17.4551,8.0,0.0,1.28226,,120.0,30.0,30.0,1,120.0,0.0,1.328548390814183,False,3.6099067906807605
1130,11.0374,34.1125,17.0063,10.0,0.0,1.30977,,120.0,30.0,30.0,1,120.0,0.0,1.3363152547810784,False,2.026711161583963
1131,13.5028,28.517,18.2966,9.0,0.0,1.07547,,120.0,30.0,30.0,1,120.0,0.0,1.1060658727607051,False,2.8448838889699566
1132,24.893,32.2921,16.8768,7.0,0.0,1.32242,,120.0,30.0,30.0,1,120.0,0.0,1.370838924920078,False,3.6613878283811614
1133,7.40804,28.6665,16.2144,9.0,0.0,1.04931,,120.0,30.0,30.0,1,120.0,0.0,1.067674246867893,False,1.7501259749638394
1134,14.7134,21.6835,16.0458,8.0,0.0,0.830753,,120.0,30.0,30.0,1,120.0,0.0,0.8610667899522675,False,3.648953413622042
1135,38.7994,36.6807,18.4697,6.0,0.0,1.60032,,120.0,30.0,30.0,1,120.0,0.0,1.6604670238680164,False,3.758437304290167
1136,40.541,20.9432,17.8604,9.0,0.0,0.960625,,120.0,30.0,30.0,1,120.0,0.0,0.9744071637884956,False,1.4347080066098234
1137,20.6634,22.3007,18.0456,9.0,0.0,0.879956,,120.0,30.0,30.0,1,120.0,0.0,0.9129742963094808,False,3.752266739414338
1138,8.1515,23.3607,17.5026,8.0,0.0,0.841174,,120.0,30.0,30.0,1,120.0,0.0,0.8605391346493844,False,2.3021556359783335
1139,24.9301,35.5085,17.9317,7.0,0.0,1.46124,,120.0,30.0,30.0,1,120.0,0.0,1.512328325115232,False,3.496230948730658
1140,17.8941,16.8236,16.3608,7.0,0.0,0.677538,,120.0,30.0,30.0,1,120.0,0.0,0.7016268116311923,False,3.5553447380357066
1141,25.6543,20.429,17.785,8.0,0.0,0.845677,,120.0,30.0,30.0,1,120.0,0.0,0.8748735801706212,False,3.452450542065258
1142,11.3252,36.2033,16.9543,5.0,0.0,1.41151,,120.0,30.0,30.0,1,120.0,0.0,1.438849991167606,False,1.936932162549751
1143,15.9755,25.857,17.0254,9.0,0.0,0.99191,,120.0,30.0,30.0,1,120.0,0.0,1.026430069008412,False,3.4801614066207716
1144,27.9374,28.9075,17.3195,10.0,0.0,1.19298,,120.0,30.0,30.0,1,120.0,0.0,1.2375780392965414,False,3.7383727553304746
1145,36.9559,27.566,17.8326,8.0,0.0,1.1911,,120.0,30.0,30.0,1,120.0,0.0,1.2317842128658538,False,3.4156840622830806
1146,8.12137,31.0353,16.7798,5.0,0.0,1.15278,,120.0,30.0,30.0,1,120.0,0.0,1.171884910669812,False,1.6572902609181297
1147,14.3305,25.8613,19.3141,9.0,0.0,0.969467,,120.0,30.0,30.0,1,120.0,0.0,0.9991522308601124,False,3.062015608588269
1148,7.51064,31.6992,19.1885,6.0,0.0,1.17107,,120.0,30.0,30.0,1,120.0,0.0,1.1851149706427118,False,1.199328019905873
1149,8.07638,31.7181,15.5764,7.0,0.0,1.18657,,120.0,30.0,30.0,1,120.0,0.0,1.2072951089339257,False,1.7466402263604983
1150,29.0853,28.2822,17.105,9.0,0.0,1.17728,,120.0,30.0,30.0,1,120.0,0.0,1.2207486460023926,False,3.6922946115106456
1151,36.1905,28.4671,16.7182,6.0,0.0,1.23854,,120.0,30.0,30.0,1,120.0,0.0,1.2807607572751656,False,3.408913500990328
1152,21.8003,16.3633,18.0516,9.0,0.0,0.674768,,120.0,30.0,30.0,1,120.0,0.0,0.6975073702107463,False,3.3699538523975994
1153,36.9982,31.6227,18.0423,7.0,0.0,1.35934,,120.0,30.0,30.0,1,120.0,0.0,1.4088919245998874,False,3.6452929068435744
1154,9.30204,28.5402,16.7196,9.0,0.0,1.05555,,120.0,30.0,30.0,1,120.0,0.0,1.0787355337870934,False,2.196535814228926
1155,27.8525,27.1768,16.8957,9.0,0.0,1.1264,,120.0,30.0,30.0,1,120.0,0.0,1.1678135522429332,False,3.6766292829308487
1156,21.8351,22.3014,16.7952,8.0,0.0,0.897904,,120.0,30.0,30.0,1,120.0,0.0,0.9310388628380576,False,3.690245598422276
1157,23.0273,35.0209,19.8825,8.0,0.0,1.41117,,120.0,30.0,30.0,1,120.0,0.0,1.4566567699663957,False,3.2233373701535366
1158,19.4818,22.2171,15.9721,8.0,0.0,0.885486,,120.0,30.0,30.0,1,120.0,0.0,0.918571978129818,False,3.7364767065563935
1159,30.4519,20.6984,16.5825,10.0,0.0,0.901034,,120.0,30.0,30.0,1,120.0,0.0,0.924059648553376,False,2.555469444369021
1160,17.8534,21.9307,16.8537,5.0,0.0,0.856327,,120.0,30.0,30.0,1,120.0,0.0,0.8885707991604337,False,3.765360564414498
1161,45.6743,32.4054,15.2403,5.0,0.0,1.50321,,120.0,30.0,30.0,1,120.0,0.0,1.5473189156595295,False,2.9343149433232596
1162,24.7842,22.1188,15.926,9.0,0.0,0.920751,,120.0,30.0,30.0,1,120.0,0.0,0.952676104672972,False,3.4672897094841115
1163,13.8509,17.6446,16.119,7.0,0.0,0.679079,,120.0,30.0,30.0,1,120.0,0.0,0.7046643387890622,False,3.7676527751649243
1164,7.35543,24.7837,18.3302,8.0,0.0,0.888047,,120.0,30.0,30.0,1,120.0,0.0,0.9042533697466888,False,1.8249450475806759
1165,16.3181,29.4307,18.0062,8.0,0.0,1.13314,,120.0,30.0,30.0,1,120.0,0.0,1.1690620245338592,False,3.1701311871312616
1166,17.1009,31.553,17.4829,7.0,0.0,1.2324,,120.0,30.0,30.0,1,120.0,0.0,1.2712771734845192,False,3.1545905131872156
1167,22.1658,34.5972,17.8083,10.0,0.0,1.40117,,120.0,30.0,30.0,1,120.0,0.0,1.4483871037807927,False,3.369834051599213
1168,40.6661,23.8511,18.3754,5.0,0.0,1.06177,,120.0,30.0,30.0,1,120.0,0.0,1.0875752002987773,False,2.430394558028311
1169,19.3478,20.0762,17.991,8.0,0.0,0.790478,,120.0,30.0,30.0,1,120.0,0.0,0.8200418220641088,False,3.7399930249935847
1170,29.2571,17.1823,18.1023,9.0,0.0,0.75046,,120.0,30.0,30.0,1,120.0,0.0,0.7671024716732723,False,2.2176360729782085
1171,8.84504,34.5814,17.5104,8.0,0.0,1.31505,,120.0,30.0,30.0,1,120.0,0.0,1.334400876926523,False,1.471493625833461
1172,18.279,18.6382,16.7521,7.0,0.0,0.740889,,120.0,30.0,30.0,1,120.0,0.0,0.7681103915323358,False,3.6741524752474155
1173,11.8876,29.8205,16.7617,5.0,0.0,1.1268,,120.0,30.0,30.0,1,120.0,0.0,1.156247416336588,False,2.6133667320365523
1174,13.1989,22.3784,16.5708,7.0,0.0,0.842565,,120.0,30.0,30.0,1,120.0,0.0,0.8719140940401324,False,3.483303251396915
1175,19.5625,15.7176,17.5863,8.0,0.0,0.641501,,120.0,30.0,30.0,1,120.0,0.0,0.6635108419229617,False,3.4309910542558373
1176,28.6302,19.3746,16.4694,7.0,0.0,0.841975,,120.0,30.0,30.0,1,120.0,0.0,0.862905802472281,False,2.485917333920955
1177,11.3931,30.3773,15.3324,8.0,0.0,1.15438,,120.0,30.0,30.0,1,120.0,0.0,1.1851705311863077,False,2.667278641895017
1178,8.24517,26.8415,16.0944,9.0,0.0,0.981726,,120.0,30.0,30.0,1,120.0,0.0,1.0028411025442296,False,2.150814233730151
1179,28.6304,25.8673,15.8881,5.0,0.0,1.09212,,120.0,30.0,30.0,1,120.0,0.0,1.13044626112449,False,3.5093452298731016
1180,23.2941,25.8177,18.3451,8.0,0.0,1.02847,,120.0,30.0,30.0,1,120.0,0.0,1.0673422335429603,False,3.7796176400828725
1181,22.1485,33.31,18.1639,9.0,0.0,1.33873,,120.0,30.0,30.0,1,120.0,0.0,1.384377789911743,False,3.409783146096907
1182,18.125,26.9111,17.5446,9.0,0.0,1.04441,,120.0,30.0,30.0,1,120.0,0.0,1.0816812489078649,False,3.568641520845723
1183,31.9041,19.9305,17.8516,5.0,0.0,0.867562,,120.0,30.0,30.0,1,120.0,0.0,0.8892308831202701,False,2.4976754537739136
1184,34.8375,33.5465,16.2785,7.0,0.0,1.45585,,120.0,30.0,30.0,1,120.0,0.0,1.5094137591376429,False,3.6792086504545645
1185,13.9856,33.4231,17.1432,10.0,0.0,1.29729,,120.0,30.0,30.0,1,120.0,0.0,1.3311882002482391,False,2.613000967265537
1186,38.0925,26.9754,15.9802,7.0,0.0,1.20333,,120.0,30.0,30.0,1,120.0,0.0,1.2387470327338146,False,2.943251870543789
1187,22.8895,25.0403,15.52,5.0,0.0,1.02187,,120.0,30.0,30.0,1,120.0,0.0,1.0597626315662745,False,3.708165575491445
1188,14.3108,29.2147,18.5195,10.0,0.0,1.10868,,120.0,30.0,30.0,1,120.0,0.0,1.1403964138928258,False,2.8607365419080026
1189,19.187,19.8283,17.342,9.0,0.0,0.78513,,120.0,30.0,30.0,1,120.0,0.0,0.8143660885848988,False,3.7237258269202287
1190,17.322,22.7837,17.4866,7.0,0.0,0.880117,,120.0,30.0,30.0,1,120.0,0.0,0.9123956827190652,False,3.667544510453178
1191,24.4324,34.3858,18.8603,6.0,0.0,1.39713,,120.0,30.0,30.0,1,120.0,0.0,1.44541230263206,False,3.455820333974649
1192,27.5999,27.6558,17.5378,6.0,0.0,1.13709,,120.0,30.0,30.0,1,120.0,0.0,1.1795637443200415,False,3.735301895192253
1193,26.0244,29.9164,17.5082,10.0,0.0,1.22063,,120.0,30.0,30.0,1,120.0,0.0,1.2664043783356116,False,3.750061716950385
1194,23.0152,36.9861,17.5689,10.0,0.0,1.52424,,120.0,30.0,30.0,1,120.0,0.0,1.5748399756337677,False,3.3196855897868844
1195,11.0577,20.3358,17.7057,5.0,0.0,0.747755,,120.0,30.0,30.0,1,120.0,0.0,0.7721194074914219,False,3.2583409661482694
1196,18.4928,20.471,16.2475,9.0,0.0,0.812013,,120.0,30.0,30.0,1,120.0,0.0,0.8422900341869148,False,3.7286390965310723
1197,15.074,13.0856,15.8007,6.0,0.0,0.53389,,120.0,30.0,30.0,1,120.0,0.0,0.5519535357184414,False,3.383381542722553
1198,31.568,19.8412,16.2936,6.0,0.0,0.881748,,120.0,30.0,30.0,1,120.0,0.0,0.8999224478330835,False,2.0611839020994127
1199,19.2966,27.1086,18.633,6.0,0.0,1.05258,,120.0,30.0,30.0,1,120.0,0.0,1.0901008393362062,False,3.5646544050054234
1200,13.1284,25.6178,17.4128,7.0,0.0,0.891197,,60.0,35.0,35.0,1,60.0,0.0,0.933052747257706,False,4.696576319007584
1201,34.9534,19.322,17.3337,5.0,0.0,0.921369,,60.0,35.0,35.0,1,60.0,0.0,0.9333812123843952,False,1.303735244445516
1202,13.5978,33.8177,19.0378,9.0,0.0,1.18293,,60.0,35.0,35.0,1,60.0,0.0,1.224225596885387,False,3.490958626916806
1203,9.0552,20.1532,16.8173,10.0,0.0,0.67496,,60.0,35.0,35.0,1,60.0,0.0,0.7056330705409274,False,4.544427898086907
1204,18.0202,35.9906,18.2459,6.0,0.0,1.3215,,60.0,35.0,35.0,1,60.0,0.0,1.3790263514555805,False,4.353110212302733
1205,16.0924,36.2306,16.4199,5.0,0.0,1.33019,,60.0,35.0,35.0,1,60.0,0.0,1.3874532798511878,False,4.304894778278881
1206,39.612,23.0263,16.4556,6.0,0.0,1.10994,,60.0,35.0,35.0,1,60.0,0.0,1.1259409308578143,False,1.441603227004559
1207,23.3535,16.0517,18.3694,9.0,0.0,0.684934,,60.0,35.0,35.0,1,60.0,0.0,0.7070586749621014,False,3.2301907865723347
1208,13.6362,30.956,17.1037,7.0,0.0,1.08809,,60.0,35.0,35.0,1,60.0,0.0,1.1342611064457606,False,4.243316862186089
1209,26.399,26.819,16.9069,7.0,0.0,1.08034,,60.0,35.0,35.0,1,60.0,0.0,1.134055205872127,False,4.972064893656335
1210,34.597,27.6838,17.582,8.0,0.0,1.18493,,60.0,35.0,35.0,1,60.0,0.0,1.2379087507058857,False,4.4710447626345555
1211,6.92461,19.7185,18.4427,10.0,0.0,0.63164,,60.0,35.0,35.0,1,60.0,0.0,0.6532436352310523,False,3.420244954571014
1212,13.5335,28.444,17.2021,9.0,0.0,0.994938,,60.0,35.0,35.0,1,60.0,0.0,1.0397267619785042,False,4.501663619090259
1213,29.0913,19.9642,16.9851,10.0,0.0,0.885044,,60.0,35.0,35.0,1,60.0,0.0,0.9094545357237476,False,2.7581154975060582
1214,10.5167,27.3262,16.989,10.0,0.0,0.924936,,60.0,35.0,35.0,1,60.0,0.0,0.9613536723441868,False,3.9373180786764497
1215,19.6534,21.9968,18.5921,9.0,0.0,0.828172,,60.0,35.0,35.0,1,60.0,0.0,0.8709270620974473,False,5.1625824221837116
1216,9.04087,20.5582,18.0672,9.0,0.0,0.680632,,60.0,35.0,35.0,1,60.0,0.0,0.7099124180660757,False,4.301945554437013
1217,44.5272,16.1905,17.1938,6.0,0.0,0.933354,,60.0,35.0,35.0,1,60.0,0.0,0.9071636588013556,False,-2.8060458516966107
1218,20.7867,31.7897,16.1762,9.0,0.0,1.20879,,60.0,35.0,35.0,1,60.0,0.0,1.270665588553258,False,5.1188038082097
1219,6.91143,20.858,17.6755,10.0,0.0,0.670008,,60.0,35.0,35.0,1,60.0,0.0,0.6923039946771768,False,3.32772066560053
1220,12.767,21.4123,17.6509,7.0,0.0,0.748341,,60.0,35.0,35.0,1,60.0,0.0,0.7856614257595613,False,4.987088207055512
1221,27.2366,30.6352,17.3961,8.0,0.0,1.21703,,60.0,35.0,35.0,1,60.0,0.0,1.2798255939582828,False,5.159740841087132
1222,10.0468,32.3377,16.7852,9.0,0.0,1.10398,,60.0,35.0,35.0,1,60.0,0.0,1.1371260755761707,False,3.002416309731225
1223,7.65385,21.563,18.0694,10.0,0.0,0.698214,,60.0,35.0,35.0,1,60.0,0.0,0.7227795259274773,False,3.5183376339456522
1224,21.3447,29.3668,15.7189,7.0,0.0,1.13262,,60.0,35.0,35.0,1,60.0,0.0,1.1919511319469007,False,5.238396986359128
1225,32.602,30.3429,17.6117,9.0,0.0,1.25861,,60.0,35.0,35.0,1,60.0,0.0,1.3209248582637236,False,4.951085583598067
1226,22.8081,27.0387,16.8163,7.0,0.0,1.05022,,60.0,35.0,35.0,1,60.0,0.0,1.1042478643562736,False,5.144433009871619
1227,8.73454,34.3611,17.225,9.0,0.0,1.16675,,60.0,35.0,35.0,1,60.0,0.0,1.189933351857192,False,1.9870025161510179
1228,23.7786,19.0642,16.1649,5.0,0.0,0.812673,,60.0,35.0,35.0,1,60.0,0.0,0.8404064925632488,False,3.412626303968369
1229,12.2578,25.6906,16.1427,9.0,0.0,0.894641,,60.0,35.0,35.0,1,60.0,0.0,0.9367414977887376,False,4.705853832848884
1230,29.567,17.505,17.0263,10.0,0.0,0.814314,,60.0,35.0,35.0,1,60.0,0.0,0.8282149465562488,False,1.7070744892325136
1231,24.9891,36.2351,17.0719,10.0,0.0,1.41883,,60.0,35.0,35.0,1,60.0,0.0,1.491289795354217,False,5.107010378566635
1232,22.4316,18.2237,17.2786,10.0,0.0,0.755157,,60.0,35.0,35.0,1,60.0,0.0,0.7871144953860753,False,4.231900834670841
1233,20.1481,22.039,19.5753,6.0,0.0,0.824405,,60.0,35.0,35.0,1,60.0,0.0,0.8671280824542051,False,5.182292981508492
1234,25.4913,35.046,18.3782,10.0,0.0,1.35552,,60.0,35.0,35.0,1,60.0,0.0,1.4245491483581767,False,5.092447795545373
1235,21.4525,25.7992,17.6151,8.0,0.0,0.98277,,60.0,35.0,35.0,1,60.0,0.0,1.0333447314132205,False,5.146141153395041
1236,25.1897,34.0045,16.9441,7.0,0.0,1.33174,,60.0,35.0,35.0,1,60.0,0.0,1.400706651238918,False,5.178687374331175
1237,19.3055,29.4408,17.3786,6.0,0.0,1.08997,,60.0,35.0,35.0,1,60.0,0.0,1.145271465944788,False,5.073668628016175
1238,16.8368,34.6362,17.433,6.0,0.0,1.26177,,60.0,35.0,35.0,1,60.0,0.0,1.3176202209896126,False,4.4263392686157195
1239,27.3436,26.8803,18.359,10.0,0.0,1.06921,,60.0,35.0,35.0,1,60.0,0.0,1.1232137163694451,False,5.050805395520536
1240,8.81635,34.6442,18.2977,9.0,0.0,1.17356,,60.0,35.0,35.0,1,60.0,0.0,1.1942092588117188,False,1.7595401012064884
1241,27.8836,28.9303,16.6323,7.0,0.0,1.17542,,60.0,35.0,35.0,1,60.0,0.0,1.2343069389339687,False,5.009863617597862
1242,14.4625,27.7008,18.2713,5.0,0.0,0.969933,,60.0,35.0,35.0,1,60.0,0.0,1.0141443037992834,False,4.558181214504857
1243,30.3283,36.3669,17.6138,6.0,0.0,1.47153,,60.0,35.0,35.0,1,60.0,0.0,1.5487609754262015,False,5.248345288658845
1244,13.2056,16.3178,16.138,9.0,0.0,0.609563,,60.0,35.0,35.0,1,60.0,0.0,0.6409839115194043,False,5.154661867502505
1245,36.7215,27.0738,18.06,6.0,0.0,1.17584,,60.0,35.0,35.0,1,60.0,0.0,1.2248924489809214,False,4.171694191464947
1246,13.6986,23.7466,17.5427,7.0,0.0,0.833987,,60.0,35.0,35.0,1,60.0,0.0,0.87500138815741,False,4.917869002443681
1247,27.1582,25.1285,18.5106,9.0,0.0,1.00561,,60.0,35.0,35.0,1,60.0,0.0,1.0555186107871852,False,4.963018544682864
1248,24.1397,34.8788,17.5371,10.0,0.0,1.34677,,60.0,35.0,35.0,1,60.0,0.0,1.4153335269988636,False,5.090960371768275
1249,9.88393,28.1538,18.4176,9.0,0.0,0.938818,,60.0,35.0,35.0,1,60.0,0.0,0.9690513637911664,False,3.2203647342899657
1250,10.418,15.5508,17.6929,5.0,0.0,0.544741,,60.0,35.0,35.0,1,60.0,0.0,0.5729136116131397,False,5.1717442992430644
1251,12.0865,24.3615,18.2957,10.0,0.0,0.832163,,60.0,35.0,35.0,1,60.0,0.0,0.8697906291941829,False,4.521665730654084
1252,28.1292,20.0187,16.3532,7.0,0.0,0.888089,,60.0,35.0,35.0,1,60.0,0.0,0.9125029995896816,False,2.749048754086764
1253,17.5042,18.5929,18.0234,5.0,0.0,0.706238,,60.0,35.0,35.0,1,60.0,0.0,0.7422869975922924,False,5.1043695740377055
1254,14.4085,26.5162,15.6626,6.0,0.0,0.952153,,60.0,35.0,35.0,1,60.0,0.0,0.9995367900784768,False,4.97648908090158
1255,27.7429,25.573,17.3243,5.0,0.0,1.04533,,60.0,35.0,35.0,1,60.0,0.0,1.0957252199994305,False,4.820986674010161
1256,21.4125,36.9448,17.978,10.0,0.0,1.39911,,60.0,35.0,35.0,1,60.0,0.0,1.4652402460425664,False,4.726593766220407
1257,19.3938,33.166,17.5396,7.0,0.0,1.22892,,60.0,35.0,35.0,1,60.0,0.0,1.2889060769454057,False,4.8812027589595495
1258,28.6625,23.8188,16.075,10.0,0.0,1.01997,,60.0,35.0,35.0,1,60.0,0.0,1.05837539609908,False,3.7653456571350135
1259,19.9282,33.8656,15.9814,7.0,0.0,1.28235,,60.0,35.0,35.0,1,60.0,0.0,1.3464401766863288,False,4.997869277991863
1260,29.5572,35.6645,17.649,9.0,0.0,1.43356,,60.0,35.0,35.0,1,60.0,0.0,1.5086887079396736,False,5.240708999949331
1261,29.0218,23.2813,16.2711,7.0,0.0,1.00379,,60.0,35.0,35.0,1,60.0,0.0,1.0388223079990773,False,3.4900036859380257
1262,19.5407,31.3876,18.8581,6.0,0.0,1.14802,,60.0,35.0,35.0,1,60.0,0.0,1.2041323420188976,False,4.887749518205047
1263,10.1333,28.2201,17.1448,9.0,0.0,0.951528,,60.0,35.0,35.0,1,60.0,0.0,0.9857055541847968,False,3.591860059272741
1264,17.3618,23.981,17.1782,9.0,0.0,0.88384,,60.0,35.0,35.0,1,60.0,0.0,0.9297013945296008,False,5.18887972139763
1265,15.8046,34.3306,16.905,5.0,0.0,1.2438,,60.0,35.0,35.0,1,60.0,0.0,1.298148937308644,False,4.3695881418752105
1266,19.7339,32.8101,16.3255,10.0,0.0,1.23394,,60.0,35.0,35.0,1,60.0,0.0,1.295763113147916,False,5.010220363057838
1267,32.2955,36.8633,16.0795,5.0,0.0,1.54599,,60.0,35.0,35.0,1,60.0,0.0,1.625268091322642,False,5.1279821552947995
1268,18.843,27.0067,17.7088,6.0,0.0,0.995525,,60.0,35.0,35.0,1,60.0,0.0,1.046401606108707,False,5.110530233666349
1269,33.8567,19.565,18.9007,10.0,0.0,0.887208,,60.0,35.0,35.0,1,60.0,0.0,0.907692235207972,False,2.3088424820303746
1270,29.0078,27.7352,16.9406,5.0,0.0,1.1398,,60.0,35.0,35.0,1,60.0,0.0,1.1952623108002602,False,4.865968661191465
1271,6.60312,32.2288,18.0307,9.0,0.0,1.05696,,60.0,35.0,35.0,1,60.0,0.0,1.0693265231293216,False,1.1700086218325896
1272,11.2037,16.4414,17.3253,7.0,0.0,0.581782,,60.0,35.0,35.0,1,60.0,0.0,0.6119999026132147,False,5.194025015076895
1273,6.49017,34.4519,17.8708,9.0,0.0,1.1441,,60.0,35.0,35.0,1,60.0,0.0,1.153065355450047,False,0.7836164190234302
1274,26.9622,31.3299,16.1418,6.0,0.0,1.26207,,60.0,35.0,35.0,1,60.0,0.0,1.3269351773386897,False,5.139586341382783
1275,24.049,33.3866,19.1937,7.0,0.0,1.26453,,60.0,35.0,35.0,1,60.0,0.0,1.3282074420028371,False,5.035660838638641
1276,23.8563,34.3521,16.7633,10.0,0.0,1.33402,,60.0,35.0,35.0,1,60.0,0.0,1.4024819963929287,False,5.132006745995466
1277,18.182,27.153,17.5197,9.0,0.0,0.995172,,60.0,35.0,35.0,1,60.0,0.0,1.0464124971547792,False,5.14890864642286
1278,13.3424,21.8779,16.8814,7.0,0.0,0.775416,,60.0,35.0,35.0,1,60.0,0.0,0.8148181130363081,False,5.081416044588729
1279,34.7057,30.0022,17.4551,6.0,0.0,1.27129,,60.0,35.0,35.0,1,60.0,0.0,1.3319633712689196,False,4.772583066721172
1280,11.0374,34.1125,17.0063,10.0,0.0,1.18274,,60.0,35.0,35.0,1,60.0,0.0,1.2189956751636295,False,3.0653968888876335
1281,13.5028,28.517,18.2966,7.0,0.0,0.98866,,60.0,35.0,35.0,1,60.0,0.0,1.031473728819046,False,4.330480531127598
1282,24.893,32.2921,16.8768,10.0,0.0,1.26274,,60.0,35.0,35.0,1,60.0,0.0,1.3286551979159016,False,5.22001345612728
1283,7.40804,28.6665,16.2144,9.0,0.0,0.942389,,60.0,35.0,35.0,1,60.0,0.0,0.9655596335595586,False,2.4587122260084335
1284,14.7134,21.6835,16.0458,6.0,0.0,0.792467,,60.0,35.0,35.0,1,60.0,0.0,0.8337343990989332,False,5.2074596290991515
1285,38.7994,36.6807,18.4697,10.0,0.0,1.55517,,60.0,35.0,35.0,1,60.0,0.0,1.634320881148681,False,5.089532407947747
1286,40.541,20.9432,17.8604,7.0,0.0,1.01762,,60.0,35.0,35.0,1,60.0,0.0,1.028953765109619,False,1.1137521972464213
1287,20.6634,22.3007,18.0456,5.0,0.0,0.854053,,60.0,35.0,35.0,1,60.0,0.0,0.8977421036451688,False,5.115502626320483
1288,8.1515,23.3607,17.5026,7.0,0.0,0.763658,,60.0,35.0,35.0,1,60.0,0.0,0.7907102355443837,False,3.542454285083603
1289,24.9301,35.5085,17.9317,9.0,0.0,1.37511,,60.0,35.0,35.0,1,60.0,0.0,1.4450002054565805,False,5.082517431811303
1290,17.8941,16.8236,16.3608,9.0,0.0,0.675267,,60.0,35.0,35.0,1,60.0,0.0,0.7066335064734922,False,4.645052471613786
1291,25.6543,20.429,17.785,6.0,0.0,0.84964,,60.0,35.0,35.0,1,60.0,0.0,0.886213200412292,False,4.304552564885371
1292,11.3252,36.2033,16.9543,5.0,0.0,1.27197,,60.0,35.0,35.0,1,60.0,0.0,1.3081362136699008,False,2.843322851160075
1293,15.9755,25.857,17.0254,5.0,0.0,0.93309,,60.0,35.0,35.0,1,60.0,0.0,0.9802996338353344,False,5.059494136185618
1294,27.9374,28.9075,17.3195,8.0,0.0,1.16297,,60.0,35.0,35.0,1,60.0,0.0,1.2218823311586728,False,5.065679351889798
1295,36.9559,27.566,17.8326,7.0,0.0,1.20005,,60.0,35.0,35.0,1,60.0,0.0,1.2502862431508273,False,4.1861791717701085
1296,8.12137,31.0353,16.7798,9.0,0.0,1.03347,,60.0,35.0,35.0,1,60.0,0.0,1.0574982173799845,False,2.3250038588429653
1297,14.3305,25.8613,19.3141,10.0,0.0,0.897229,,60.0,35.0,35.0,1,60.0,0.0,0.9387867563276284,False,4.631789245290597
1298,7.51064,31.6992,19.1885,10.0,0.0,1.04148,,60.0,35.0,35.0,1,60.0,0.0,1.0566044687925122,False,1.4522092399769828
1299,8.07638,31.7181,15.5764,6.0,0.0,1.0657,,60.0,35.0,35.0,1,60.0,0.0,1.0920998345101132,False,2.477229474534397
1300,29.0853,28.2822,17.105,10.0,0.0,1.15681,,60.0,35.0,35.0,1,60.0,0.0,1.2139452471403107,False,4.939034685065899
1301,36.1905,28.4671,16.7182,5.0,0.0,1.24857,,60.0,35.0,35.0,1,60.0,0.0,1.2959790380472422,False,3.7970668882995975
1302,21.8003,16.3633,18.0516,5.0,0.0,0.682483,,60.0,35.0,35.0,1,60.0,0.0,0.7073901176186796,False,3.649485425817156
1303,36.9982,31.6227,18.0423,5.0,0.0,1.34273,,60.0,35.0,35.0,1,60.0,0.0,1.4081182387522209,False,4.869798004976494
1304,9.30204,28.5402,16.7196,6.0,0.0,0.956455,,60.0,35.0,35.0,1,60.0,0.0,0.9877330130908918,False,3.2702022667968413
1305,27.8525,27.1768,16.8957,10.0,0.0,1.10868,,60.0,35.0,35.0,1,60.0,0.0,1.1629686130914796,False,4.896689134058472
1306,21.8351,22.3014,16.7952,7.0,0.0,0.882586,,60.0,35.0,35.0,1,60.0,0.0,0.926091480431557,False,4.9293191180867355
1307,23.0273,35.0209,19.8825,10.0,0.0,1.31262,,60.0,35.0,35.0,1,60.0,0.0,1.3759737001671122,False,4.826507303493188
1308,19.4818,22.2171,15.9721,8.0,0.0,0.865111,,60.0,35.0,35.0,1,60.0,0.0,0.9086241047224,False,5.029771292053852
1309,30.4519,20.6984,16.5825,8.0,0.0,0.930731,,60.0,35.0,35.0,1,60.0,0.0,0.9544670461341394,False,2.550258467176808
1310,17.8534,21.9307,16.8537,9.0,0.0,0.826474,,60.0,35.0,35.0,1,60.0,0.0,0.8691139042900129,False,5.159255377666188
1311,45.6743,32.4054,15.2403,10.0,0.0,1.54787,,60.0,35.0,35.0,1,60.0,0.0,1.589778672488946,False,2.707505959088678
1312,24.7842,22.1188,15.926,7.0,0.0,0.923915,,60.0,35.0,35.0,1,60.0,0.0,0.96414274720015,False,4.354052829551418
1313,13.8509,17.6446,16.119,9.0,0.0,0.656887,,60.0,35.0,35.0,1,60.0,0.0,0.690825248763969,False,5.166527692581678
1314,7.35543,24.7837,18.3302,10.0,0.0,0.798673,,60.0,35.0,35.0,1,60.0,0.0,0.819658016962033,False,2.62748546176383
1315,16.3181,29.4307,18.0062,8.0,0.0,1.05209,,60.0,35.0,35.0,1,60.0,0.0,1.102037118949519,False,4.747418847201199
1316,17.1009,31.553,17.4829,10.0,0.0,1.14361,,60.0,35.0,35.0,1,60.0,0.0,1.1976791098661923,False,4.727932587699677
1317,22.1658,34.5972,17.8083,7.0,0.0,1.31124,,60.0,35.0,35.0,1,60.0,0.0,1.376160124698913,False,4.951048221447871
1318,40.6661,23.8511,18.3754,5.0,0.0,1.1009,,60.0,35.0,35.0,1,60.0,0.0,1.1267999074792072,False,2.3526121790541583
1319,19.3478,20.0762,17.991,5.0,0.0,0.771086,,60.0,35.0,35.0,1,60.0,0.0,0.8101348921933093,False,5.064142286762982
1320,29.2571,17.1823,18.1023,7.0,0.0,0.782357,,60.0,35.0,35.0,1,60.0,0.0,0.7986821524088781,False,2.086662790628589
1321,8.84504,34.5814,17.5104,9.0,0.0,1.17528,,60.0,35.0,35.0,1,60.0,0.0,1.1980958239500483,False,1.9413096411109025
1322,18.279,18.6382,16.7521,8.0,0.0,0.72967,,60.0,35.0,35.0,1,60.0,0.0,0.7654429839256318,False,4.902625012078306
1323,11.8876,29.8205,16.7617,6.0,0.0,1.02984,,60.0,35.0,35.0,1,60.0,0.0,1.0716799584832075,False,4.062763000389131
1324,13.1989,22.3784,16.5708,10.0,0.0,0.792538,,60.0,35.0,35.0,1,60.0,0.0,0.832678588953668,False,5.064815687533974
1325,19.5625,15.7176,17.5863,9.0,0.0,0.645754,,60.0,35.0,35.0,1,60.0,0.0,0.6732254031329465,False,4.254159189559258
1326,28.6302,19.3746,16.4694,5.0,0.0,0.871569,,60.0,35.0,35.0,1,60.0,0.0,0.8928497037240687,False,2.4416545017168634
1327,11.3931,30.3773,15.3324,9.0,0.0,1.05673,,60.0,35.0,35.0,1,60.0,0.0,1.1001254204859052,False,4.10657599253407
1328,8.24517,26.8415,16.0944,6.0,0.0,0.888631,,60.0,35.0,35.0,1,60.0,0.0,0.9176118255349838,False,3.2612890541725217
1329,28.6304,25.8673,15.8881,10.0,0.0,1.09215,,60.0,35.0,35.0,1,60.0,0.0,1.141319863277236,False,4.5021163097775885
1330,23.2941,25.8177,18.3451,9.0,0.0,0.992757,,60.0,35.0,35.0,1,60.0,0.0,1.0437602667220327,False,5.137537858915395
1331,22.1485,33.31,18.1639,5.0,0.0,1.25537,,60.0,35.0,35.0,1,60.0,0.0,1.3180639646676269,False,4.994062680136277
1332,18.125,26.9111,17.5446,7.0,0.0,0.986676,,60.0,35.0,35.0,1,60.0,0.0,1.036767204636142,False,5.0767632572538535
1333,31.9041,19.9305,17.8516,10.0,0.0,0.897745,,60.0,35.0,35.0,1,60.0,0.0,0.9198238050143812,False,2.4593626268462865
1334,34.8375,33.5465,16.2785,10.0,0.0,1.43402,,60.0,35.0,35.0,1,60.0,0.0,1.5038755649107654,False,4.871310366017578
1335,13.9856,33.4231,17.1432,10.0,0.0,1.18593,,60.0,35.0,35.0,1,60.0,0.0,1.2337340012204456,False,4.030929415770383
1336,38.0925,26.9754,15.9802,7.0,0.0,1.23681,,60.0,35.0,35.0,1,60.0,0.0,1.271792762582489,False,2.828466990280561
1337,22.8895,25.0403,15.52,8.0,0.0,1.00485,,60.0,35.0,35.0,1,60.0,0.0,1.0537531707996977,False,4.866713519400671
1338,14.3108,29.2147,18.5195,8.0,0.0,1.01963,,60.0,35.0,35.0,1,60.0,0.0,1.064652859835036,False,4.4156076061940075
1339,19.187,19.8283,17.342,8.0,0.0,0.769086,,60.0,35.0,35.0,1,60.0,0.0,0.8075326641365661,False,4.999007150899386
1340,17.322,22.7837,17.4866,10.0,0.0,0.841192,,60.0,35.0,35.0,1,60.0,0.0,0.8851197034178367,False,5.22207812459423
1341,24.4324,34.3858,18.8603,6.0,0.0,1.312,,60.0,35.0,35.0,1,60.0,0.0,1.3780260324050502,False,5.032471982092234
1342,27.5999,27.6558,17.5378,10.0,0.0,1.11158,,60.0,35.0,35.0,1,60.0,0.0,1.167359601021846,False,5.018046476353128
1343,26.0244,29.9164,17.5082,9.0,0.0,1.17611,,60.0,35.0,35.0,1,60.0,0.0,1.236920273458585,False,5.170457989353455
1344,23.0152,36.9861,17.5689,10.0,0.0,1.42263,,60.0,35.0,35.0,1,60.0,0.0,1.492328694998565,False,4.899284775279936
1345,11.0577,20.3358,17.7057,5.0,0.0,0.696418,,60.0,35.0,35.0,1,60.0,0.0,0.7304027721620434,False,4.879938795672058
1346,18.4928,20.471,16.2475,9.0,0.0,0.794933,,60.0,35.0,35.0,1,60.0,0.0,0.8347183108539384,False,5.004863410367721
1347,15.074,13.0856,15.8007,6.0,0.0,0.539576,,60.0,35.0,35.0,1,60.0,0.0,0.5596807333040464,False,3.7260243791507586
1348,31.568,19.8412,16.2936,6.0,0.0,0.922752,,60.0,35.0,35.0,1,60.0,0.0,0.939980455725418,False,1.8670732467031204
1349,19.2966,27.1086,18.633,7.0,0.0,0.993851,,60.0,35.0,35.0,1,60.0,0.0,1.04437454422198,False,5.083613561990682
1350,13.1284,25.6178,17.4128,9.0,0.0,0.853906,,80.0,35.0,35.0,1,80.0,0.0,0.8897584129823374,False,4.198636967340354
1351,34.9534,19.322,17.3337,10.0,0.0,0.843234,,80.0,35.0,35.0,1,80.0,0.0,0.8573524696981485,False,1.6743240545505103
1352,13.5978,33.8177,19.0378,6.0,0.0,1.14248,,80.0,35.0,35.0,1,80.0,0.0,1.1771773596188009,False,3.037021183635682
1353,9.0552,20.1532,16.8173,6.0,0.0,0.647768,,80.0,35.0,35.0,1,80.0,0.0,0.6735541182743094,False,3.9807644518268006
1354,18.0202,35.9906,18.2459,10.0,0.0,1.27038,,80.0,35.0,35.0,1,80.0,0.0,1.3177614720778517,False,3.729708597258426
1355,16.0924,36.2306,16.4199,9.0,0.0,1.27918,,80.0,35.0,35.0,1,80.0,0.0,1.326227770139048,False,3.677963237312022
1356,39.612,23.0263,16.4556,6.0,0.0,1.01616,,80.0,35.0,35.0,1,80.0,0.0,1.0347595544522583,False,1.8303765600159778
1357,23.3535,16.0517,18.3694,5.0,0.0,0.634317,,80.0,35.0,35.0,1,80.0,0.0,0.6571808283461761,False,3.6044798336125408
1358,13.6362,30.956,17.1037,6.0,0.0,1.0461,,80.0,35.0,35.0,1,80.0,0.0,1.0847233662916893,False,3.692129461016086
1359,26.399,26.819,16.9069,7.0,0.0,1.01437,,80.0,35.0,35.0,1,80.0,0.0,1.060952022587739,False,4.592212169892536
1360,34.597,27.6838,17.582,7.0,0.0,1.1048,,80.0,35.0,35.0,1,80.0,0.0,1.1503054346907131,False,4.11888438547367
1361,6.92461,19.7185,18.4427,8.0,0.0,0.610239,,80.0,35.0,35.0,1,80.0,0.0,0.6285009947939963,False,2.9925971289931277
1362,13.5335,28.444,17.2021,6.0,0.0,0.955335,,80.0,35.0,35.0,1,80.0,0.0,0.9926189782277776,False,3.9027124754957696
1363,29.0913,19.9642,16.9851,8.0,0.0,0.817258,,80.0,35.0,35.0,1,80.0,0.0,0.8437187388464898,False,3.2377460785320924
1364,10.5167,27.3262,16.989,5.0,0.0,0.891388,,80.0,35.0,35.0,1,80.0,0.0,0.9215416222806986,False,3.382771843540481
1365,19.6534,21.9968,18.5921,6.0,0.0,0.78223,,80.0,35.0,35.0,1,80.0,0.0,0.8192523210399222,False,4.73292011811388
1366,9.04087,20.5582,18.0672,7.0,0.0,0.65455,,80.0,35.0,35.0,1,80.0,0.0,0.6785990441788395,False,3.6741340125031816
1367,44.5272,16.1905,17.1938,9.0,0.0,0.836226,,80.0,35.0,35.0,1,80.0,0.0,0.8118863053116622,False,-2.9106598800249994
1368,20.7867,31.7897,16.1762,10.0,0.0,1.14997,,80.0,35.0,35.0,1,80.0,0.0,1.2035412416064737,False,4.658490361181053
1369,6.91143,20.858,17.6755,7.0,0.0,0.647529,,80.0,35.0,35.0,1,80.0,0.0,0.6665048866164807,False,2.9305076091542834
1370,12.767,21.4123,17.6509,7.0,0.0,0.714192,,80.0,35.0,35.0,1,80.0,0.0,0.7465583559012804,False,4.531884409413762
1371,27.2366,30.6352,17.3961,6.0,0.0,1.14921,,80.0,35.0,35.0,1,80.0,0.0,1.2034437893067529,False,4.719223580264079
1372,10.0468,32.3377,16.7852,6.0,0.0,1.06836,,80.0,35.0,35.0,1,80.0,0.0,1.0969677845592076,False,2.677728907784609
1373,7.65385,21.563,18.0694,7.0,0.0,0.67428,,80.0,35.0,35.0,1,80.0,0.0,0.6948783585013484,False,3.054867191871091
1374,21.3447,29.3668,15.7189,7.0,0.0,1.0726,,80.0,35.0,35.0,1,80.0,0.0,1.1237148209224097,False,4.765506332501372
1375,32.602,30.3429,17.6117,9.0,0.0,1.18116,,80.0,35.0,35.0,1,80.0,0.0,1.2346586893042093,False,4.5293346628915065
1376,22.8081,27.0387,16.8163,9.0,0.0,0.991584,,80.0,35.0,35.0,1,80.0,0.0,1.038177744962034,False,4.698920612074614
1377,8.73454,34.3611,17.225,5.0,0.0,1.13306,,80.0,35.0,35.0,1,80.0,0.0,1.1552951053596612,False,1.9623943444884846
1378,23.7786,19.0642,16.1649,6.0,0.0,0.753728,,80.0,35.0,35.0,1,80.0,0.0,0.7816698874247163,False,3.7071579435441397
1379,12.2578,25.6906,16.1427,6.0,0.0,0.857128,,80.0,35.0,35.0,1,80.0,0.0,0.8932194235015433,False,4.2107390613237765
1380,29.567,17.505,17.0263,8.0,0.0,0.746764,,80.0,35.0,35.0,1,80.0,0.0,0.7618509533337793,False,2.0203107452661477
1381,24.9891,36.2351,17.0719,5.0,0.0,1.35132,,80.0,35.0,35.0,1,80.0,0.0,1.4138087676010669,False,4.624276085684132
1382,22.4316,18.2237,17.2786,6.0,0.0,0.702615,,80.0,35.0,35.0,1,80.0,0.0,0.7307822212099975,False,4.008912592244328
1383,20.1481,22.039,19.5753,9.0,0.0,0.779404,,80.0,35.0,35.0,1,80.0,0.0,0.8164749313300984,False,4.756317818499575
1384,25.4913,35.046,18.3782,5.0,0.0,1.29134,,80.0,35.0,35.0,1,80.0,0.0,1.3508572155892862,False,4.608950051054428
1385,21.4525,25.7992,17.6151,10.0,0.0,0.929089,,80.0,35.0,35.0,1,80.0,0.0,0.9732795811231586,False,4.756334551712326
1386,25.1897,34.0045,16.9441,7.0,0.0,1.26477,,80.0,35.0,35.0,1,80.0,0.0,1.3245457154292264,False,4.726212309686855
1387,19.3055,29.4408,17.3786,7.0,0.0,1.03799,,80.0,35.0,35.0,1,80.0,0.0,1.086151303978424,False,4.639862038981503
1388,16.8368,34.6362,17.433,10.0,0.0,1.21223,,80.0,35.0,35.0,1,80.0,0.0,1.2585023749642847,False,3.817128347284329
1389,27.3436,26.8803,18.359,6.0,0.0,1.00585,,80.0,35.0,35.0,1,80.0,0.0,1.0524733427706727,False,4.6352182503030095
1390,8.81635,34.6442,18.2977,6.0,0.0,1.14055,,80.0,35.0,35.0,1,80.0,0.0,1.160842428022656,False,1.7791791699316963
1391,27.8836,28.9303,16.6323,8.0,0.0,1.10468,,80.0,35.0,35.0,1,80.0,0.0,1.1554894528512534,False,4.599472503462836
1392,14.4625,27.7008,18.2713,7.0,0.0,0.92993,,80.0,35.0,35.0,1,80.0,0.0,0.9677419831204622,False,4.066110687950941
1393,30.3283,36.3669,17.6138,6.0,0.0,1.39518,,80.0,35.0,35.0,1,80.0,0.0,1.4616204952579424,False,4.762145046369806
1394,13.2056,16.3178,16.138,6.0,0.0,0.574539,,80.0,35.0,35.0,1,80.0,0.0,0.6015709731445187,False,4.704984891281299
1395,36.7215,27.0738,18.06,10.0,0.0,1.09374,,80.0,35.0,35.0,1,80.0,0.0,1.1370347671899816,False,3.9584149057346094
1396,13.6986,23.7466,17.5427,9.0,0.0,0.796714,,80.0,35.0,35.0,1,80.0,0.0,0.8320708845225407,False,4.437838988964762
1397,27.1582,25.1285,18.5106,10.0,0.0,0.944099,,80.0,35.0,35.0,1,80.0,0.0,0.986998407865304,False,4.543952261924225
1398,24.1397,34.8788,17.5371,6.0,0.0,1.28305,,80.0,35.0,35.0,1,80.0,0.0,1.3421634688981838,False,4.607261517336332
1399,9.88393,28.1538,18.4176,6.0,0.0,0.907653,,80.0,35.0,35.0,1,80.0,0.0,0.9335539626463544,False,2.8536194610004406
1400,10.418,15.5508,17.6929,9.0,0.0,0.517967,,80.0,35.0,35.0,1,80.0,0.0,0.5423608738921702,False,4.709542092868908
1401,12.0865,24.3615,18.2957,9.0,0.0,0.798716,,80.0,35.0,35.0,1,80.0,0.0,0.8303110098195895,False,3.9557251663406663
1402,28.1292,20.0187,16.3532,10.0,0.0,0.820022,,80.0,35.0,35.0,1,80.0,0.0,0.8465157547406137,False,3.230859018491414
1403,17.5042,18.5929,18.0234,7.0,0.0,0.664877,,80.0,35.0,35.0,1,80.0,0.0,0.6958883586887089,False,4.664224915090889
1404,14.4085,26.5162,15.6626,9.0,0.0,0.908693,,80.0,35.0,35.0,1,80.0,0.0,0.9497979126405428,False,4.523520335310478
1405,27.7429,25.573,17.3243,5.0,0.0,0.979214,,80.0,35.0,35.0,1,80.0,0.0,1.0220204559606951,False,4.371511841200708
1406,21.4125,36.9448,17.978,10.0,0.0,1.34045,,80.0,35.0,35.0,1,80.0,0.0,1.3970765996555885,False,4.224446988368726
1407,19.3938,33.166,17.5396,7.0,0.0,1.17545,,80.0,35.0,35.0,1,80.0,0.0,1.22664459586594,False,4.355318887740004
1408,28.6625,23.8188,16.075,8.0,0.0,0.948648,,80.0,35.0,35.0,1,80.0,0.0,0.985780297682829,False,3.9142334862698274
1409,19.9282,33.8656,15.9814,6.0,0.0,1.22364,,80.0,35.0,35.0,1,80.0,0.0,1.2791223161088716,False,4.53420255212902
1410,29.5572,35.6645,17.649,5.0,0.0,1.35923,,80.0,35.0,35.0,1,80.0,0.0,1.4238957261507692,False,4.757526404712173
1411,29.0218,23.2813,16.2711,6.0,0.0,0.931484,,80.0,35.0,35.0,1,80.0,0.0,0.9670578032091232,False,3.819046082286242
1412,19.5407,31.3876,18.8581,6.0,0.0,1.09795,,80.0,35.0,35.0,1,80.0,0.0,1.1458269143739863,False,4.360573284210241
1413,10.1333,28.2201,17.1448,8.0,0.0,0.918051,,80.0,35.0,35.0,1,80.0,0.0,0.9467711571154666,False,3.12838362089542
1414,17.3618,23.981,17.1782,9.0,0.0,0.838533,,80.0,35.0,35.0,1,80.0,0.0,0.8784145436817814,False,4.756109023947945
1415,15.8046,34.3306,16.905,10.0,0.0,1.19549,,80.0,35.0,35.0,1,80.0,0.0,1.2403203991931069,False,3.7499601998433234
1416,19.7339,32.8101,16.3255,10.0,0.0,1.17715,,80.0,35.0,35.0,1,80.0,0.0,1.2306279818195225,False,4.54300486934737
1417,32.2955,36.8633,16.0795,8.0,0.0,1.45856,,80.0,35.0,35.0,1,80.0,0.0,1.5275987389334174,False,4.733349257721127
1418,18.843,27.0067,17.7088,8.0,0.0,0.946782,,80.0,35.0,35.0,1,80.0,0.0,0.990946421458432,False,4.6646874843873265
1419,33.8567,19.565,18.9007,7.0,0.0,0.816851,,80.0,35.0,35.0,1,80.0,0.0,0.8401206210200949,False,2.8486983574843987
1420,29.0078,27.7352,16.9406,5.0,0.0,1.06843,,80.0,35.0,35.0,1,80.0,0.0,1.1161719520141442,False,4.468421142624619
1421,6.60312,32.2288,18.0307,8.0,0.0,1.02956,,80.0,35.0,35.0,1,80.0,0.0,1.0421531171744052,False,1.2231552483007442
1422,11.2037,16.4414,17.3253,10.0,0.0,0.552612,,80.0,35.0,35.0,1,80.0,0.0,0.5788166265418269,False,4.741957565493849
1423,6.49017,34.4519,17.8708,10.0,0.0,1.11526,,80.0,35.0,35.0,1,80.0,0.0,1.125830730403984,False,0.9478265520133559
1424,26.9622,31.3299,16.1418,7.0,0.0,1.1903,,80.0,35.0,35.0,1,80.0,0.0,1.246133499267344,False,4.6907081632650725
1425,24.049,33.3866,19.1937,8.0,0.0,1.2059,,80.0,35.0,35.0,1,80.0,0.0,1.260881576167272,False,4.5593810570753845
1426,23.8563,34.3521,16.7633,10.0,0.0,1.26902,,80.0,35.0,35.0,1,80.0,0.0,1.328244229508991,False,4.666926408487719
1427,18.182,27.153,17.5197,9.0,0.0,0.947851,,80.0,35.0,35.0,1,80.0,0.0,0.991744178568576,False,4.630809965762129
1428,13.3424,21.8779,16.8814,7.0,0.0,0.738734,,80.0,35.0,35.0,1,80.0,0.0,0.7727589546388275,False,4.605846575198582
1429,34.7057,30.0022,17.4551,10.0,0.0,1.18933,,80.0,35.0,35.0,1,80.0,0.0,1.241033995045734,False,4.347321184678271
1430,11.0374,34.1125,17.0063,10.0,0.0,1.14435,,80.0,35.0,35.0,1,80.0,0.0,1.1754647083101484,False,2.718985302586481
1431,13.5028,28.517,18.2966,7.0,0.0,0.950642,,80.0,35.0,35.0,1,80.0,0.0,0.9856760582233436,False,3.6853051120551794
1432,24.893,32.2921,16.8768,8.0,0.0,1.19713,,80.0,35.0,35.0,1,80.0,0.0,1.2539786875090346,False,4.7487480481680855
1433,7.40804,28.6665,16.2144,10.0,0.0,0.913679,,80.0,35.0,35.0,1,80.0,0.0,0.9350410289935036,False,2.3380234188925857
1434,14.7134,21.6835,16.0458,9.0,0.0,0.751515,,80.0,35.0,35.0,1,80.0,0.0,0.7874147898927537,False,4.776989134315837
1435,38.7994,36.6807,18.4697,9.0,0.0,1.46459,,80.0,35.0,35.0,1,80.0,0.0,1.5333282457730577,False,4.693343923764169
1436,40.541,20.9432,17.8604,9.0,0.0,0.930845,,80.0,35.0,35.0,1,80.0,0.0,0.9441632947703076,False,1.430774701513952
1437,20.6634,22.3007,18.0456,7.0,0.0,0.804922,,80.0,35.0,35.0,1,80.0,0.0,0.8425746350513215,False,4.677799221703648
1438,8.1515,23.3607,17.5026,9.0,0.0,0.737397,,80.0,35.0,35.0,1,80.0,0.0,0.760035963128877,False,3.070118691678571
1439,24.9301,35.5085,17.9317,6.0,0.0,1.31054,,80.0,35.0,35.0,1,80.0,0.0,1.3707267825728506,False,4.592517784489645
1440,17.8941,16.8236,16.3608,6.0,0.0,0.630477,,80.0,35.0,35.0,1,80.0,0.0,0.6572818258164621,False,4.251515252176075
1441,25.6543,20.429,17.785,7.0,0.0,0.791067,,80.0,35.0,35.0,1,80.0,0.0,0.823050073995163,False,4.043029730119318
1442,11.3252,36.2033,16.9543,7.0,0.0,1.23163,,80.0,35.0,35.0,1,80.0,0.0,1.2633963677120934,False,2.579213539138654
1443,15.9755,25.857,17.0254,10.0,0.0,0.889336,,80.0,35.0,35.0,1,80.0,0.0,0.9300669762487892,False,4.579931122634099
1444,27.9374,28.9075,17.3195,5.0,0.0,1.09442,,80.0,35.0,35.0,1,80.0,0.0,1.1451175458280154,False,4.632366534604214
1445,36.9559,27.566,17.8326,7.0,0.0,1.11639,,80.0,35.0,35.0,1,80.0,0.0,1.1606502286271734,False,3.9645848338997465
1446,8.12137,31.0353,16.7798,8.0,0.0,1.00295,,80.0,35.0,35.0,1,80.0,0.0,1.025016942775659,False,2.2002036767195787
1447,14.3305,25.8613,19.3141,6.0,0.0,0.860225,,80.0,35.0,35.0,1,80.0,0.0,0.8956163039489293,False,4.114191513723655
1448,7.51064,31.6992,19.1885,10.0,0.0,1.01351,,80.0,35.0,35.0,1,80.0,0.0,1.0286613919930527,False,1.4949425257819677
1449,8.07638,31.7181,15.5764,9.0,0.0,1.033,,80.0,35.0,35.0,1,80.0,0.0,1.057434003187076,False,2.3653439677711523
1450,29.0853,28.2822,17.105,7.0,0.0,1.08558,,80.0,35.0,35.0,1,80.0,0.0,1.1347024246762647,False,4.52499352201263
1451,36.1905,28.4671,16.7182,5.0,0.0,1.16133,,80.0,35.0,35.0,1,80.0,0.0,1.2072380990767886,False,3.953062357537359
1452,21.8003,16.3633,18.0516,7.0,0.0,0.633943,,80.0,35.0,35.0,1,80.0,0.0,0.6586905002288327,False,3.9037421706419426
1453,36.9982,31.6227,18.0423,8.0,0.0,1.25784,,80.0,35.0,35.0,1,80.0,0.0,1.313663062341503,False,4.438009789917877
1454,9.30204,28.5402,16.7196,5.0,0.0,0.924055,,80.0,35.0,35.0,1,80.0,0.0,0.9509855835467556,False,2.9143918432079903
1455,27.8525,27.1768,16.8957,8.0,0.0,1.03978,,80.0,35.0,35.0,1,80.0,0.0,1.0865074224176403,False,4.493972034241897
1456,21.8351,22.3014,16.7952,5.0,0.0,0.828086,,80.0,35.0,35.0,1,80.0,0.0,0.8655597923919186,False,4.525350312880379
1457,23.0273,35.0209,19.8825,7.0,0.0,1.25627,,80.0,35.0,35.0,1,80.0,0.0,1.3104541497364652,False,4.313097481947769
1458,19.4818,22.2171,15.9721,6.0,0.0,0.813434,,80.0,35.0,35.0,1,80.0,0.0,0.851003141832039,False,4.618585138073767
1459,30.4519,20.6984,16.5825,5.0,0.0,0.858307,,80.0,35.0,35.0,1,80.0,0.0,0.8845594580684686,False,3.058632641755053
1460,17.8534,21.9307,16.8537,6.0,0.0,0.780486,,80.0,35.0,35.0,1,80.0,0.0,0.8173946735780334,False,4.728934737847111
1461,45.6743,32.4054,15.2403,10.0,0.0,1.42901,,80.0,35.0,35.0,1,80.0,0.0,1.4748071174233195,False,3.2048143416294916
1462,24.7842,22.1188,15.926,5.0,0.0,0.860611,,80.0,35.0,35.0,1,80.0,0.0,0.8956035284139443,False,4.066009894591667
1463,13.8509,17.6446,16.119,9.0,0.0,0.619835,,80.0,35.0,35.0,1,80.0,0.0,0.6491237165766698,False,4.7252440692554885
1464,7.35543,24.7837,18.3302,9.0,0.0,0.773903,,80.0,35.0,35.0,1,80.0,0.0,0.7928200448949656,False,2.444368983576184
1465,16.3181,29.4307,18.0062,8.0,0.0,1.0075,,80.0,35.0,35.0,1,80.0,0.0,1.0504253918843,False,4.260584802411911
1466,17.1009,31.553,17.4829,9.0,0.0,1.09544,,80.0,35.0,35.0,1,80.0,0.0,1.14185855695584,False,4.237434907967572
1467,22.1658,34.5972,17.8083,9.0,0.0,1.25219,,80.0,35.0,35.0,1,80.0,0.0,1.3084456489452263,False,4.492580913857034
1468,40.6661,23.8511,18.3754,10.0,0.0,1.01363,,80.0,35.0,35.0,1,80.0,0.0,1.0431816532938996,False,2.9154280451347656
1469,19.3478,20.0762,17.991,9.0,0.0,0.725422,,80.0,35.0,35.0,1,80.0,0.0,0.7590830487859169,False,4.640202363026888
1470,29.2571,17.1823,18.1023,9.0,0.0,0.71917,,80.0,35.0,35.0,1,80.0,0.0,0.7382519762053962,False,2.653333176494598
1471,8.84504,34.5814,17.5104,10.0,0.0,1.14152,,80.0,35.0,35.0,1,80.0,0.0,1.1635005252684516,False,1.9255488531476899
1472,18.279,18.6382,16.7521,5.0,0.0,0.684132,,80.0,35.0,35.0,1,80.0,0.0,0.7149476495065165,False,4.504342657048128
1473,11.8876,29.8205,16.7617,10.0,0.0,0.992207,,80.0,35.0,35.0,1,80.0,0.0,1.0267467103257673,False,3.4810992389458355
1474,13.1989,22.3784,16.5708,7.0,0.0,0.755401,,80.0,35.0,35.0,1,80.0,0.0,0.7900323070769435,False,4.584493146943611
1475,19.5625,15.7176,17.5863,9.0,0.0,0.600824,,80.0,35.0,35.0,1,80.0,0.0,0.6250173464577286,False,4.02669441595684
1476,28.6302,19.3746,16.4694,10.0,0.0,0.803146,,80.0,35.0,35.0,1,80.0,0.0,0.8269721120318785,False,2.966597857908581
1477,11.3931,30.3773,15.3324,6.0,0.0,1.01715,,80.0,35.0,35.0,1,80.0,0.0,1.0535404413304696,False,3.5776868043523224
1478,8.24517,26.8415,16.0944,8.0,0.0,0.858996,,80.0,35.0,35.0,1,80.0,0.0,0.8837604773672638,False,2.882956075146315
1479,28.6304,25.8673,15.8881,8.0,0.0,1.0182,,80.0,35.0,35.0,1,80.0,0.0,1.0607590180734,False,4.179828920978188
1480,23.2941,25.8177,18.3451,5.0,0.0,0.937455,,80.0,35.0,35.0,1,80.0,0.0,0.9817296205416076,False,4.722852888043434
1481,22.1485,33.31,18.1639,6.0,0.0,1.19793,,80.0,35.0,35.0,1,80.0,0.0,1.2522179739299693,False,4.531815208732507
1482,18.125,26.9111,17.5446,8.0,0.0,0.938918,,80.0,35.0,35.0,1,80.0,0.0,0.9824643650862204,False,4.637930584589958
1483,31.9041,19.9305,17.8516,6.0,0.0,0.827373,,80.0,35.0,35.0,1,80.0,0.0,0.8520295815280252,False,2.98010468410562
1484,34.8375,33.5465,16.2785,9.0,0.0,1.34418,,80.0,35.0,35.0,1,80.0,0.0,1.404763418757316,False,4.5070912197262265
1485,13.9856,33.4231,17.1432,7.0,0.0,1.14224,,80.0,35.0,35.0,1,80.0,0.0,1.1820231766574798,False,3.482908728242741
1486,38.0925,26.9754,15.9802,9.0,0.0,1.14276,,80.0,35.0,35.0,1,80.0,0.0,1.1800957467341198,False,3.2671555474570138
1487,22.8895,25.0403,15.52,9.0,0.0,0.942343,,80.0,35.0,35.0,1,80.0,0.0,0.9850011902492348,False,4.526822001037285
1488,14.3108,29.2147,18.5195,6.0,0.0,0.980165,,80.0,35.0,35.0,1,80.0,0.0,1.0170467725867982,False,3.7628126475438584
1489,19.187,19.8283,17.342,9.0,0.0,0.722465,,80.0,35.0,35.0,1,80.0,0.0,0.7556688136341692,False,4.59590618703593
1490,17.322,22.7837,17.4866,7.0,0.0,0.797166,,80.0,35.0,35.0,1,80.0,0.0,0.8350883206769133,False,4.757142261074011
1491,24.4324,34.3858,18.8603,9.0,0.0,1.25134,,80.0,35.0,35.0,1,80.0,0.0,1.3083558391917842,False,4.556382693095747
1492,27.5999,27.6558,17.5378,6.0,0.0,1.04501,,80.0,35.0,35.0,1,80.0,0.0,1.0931506515501437,False,4.606716830474703
1493,26.0244,29.9164,17.5082,10.0,0.0,1.1114,,80.0,35.0,35.0,1,80.0,0.0,1.1640377525175771,False,4.736166323337879
1494,23.0152,36.9861,17.5689,6.0,0.0,1.35989,,80.0,35.0,35.0,1,80.0,0.0,1.4198755255699165,False,4.411057186236859
1495,11.0577,20.3358,17.7057,9.0,0.0,0.666183,,80.0,35.0,35.0,1,80.0,0.0,0.6952139670792006,False,4.357806650605105
1496,18.4928,20.471,16.2475,6.0,0.0,0.746909,,80.0,35.0,35.0,1,80.0,0.0,0.7812967210212067,False,4.604004105079292
1497,15.074,13.0856,15.8007,5.0,0.0,0.501345,,80.0,35.0,35.0,1,80.0,0.0,0.5211864625358544,False,3.9576464382519805
1498,31.568,19.8412,16.2936,10.0,0.0,0.847165,,80.0,35.0,35.0,1,80.0,0.0,0.8655470900131018,False,2.169835865870506
1499,19.2966,27.1086,18.633,5.0,0.0,0.946013,,80.0,35.0,35.0,1,80.0,0.0,0.9898175159299144,False,4.630434880906965
1500,13.1284,25.6178,17.4128,8.0,0.0,0.829826,,100.0,35.0,35.0,1,100.0,0.0,0.860579372173297,False,3.706002484050524
1501,34.9534,19.322,17.3337,5.0,0.0,0.793289,,100.0,35.0,35.0,1,100.0,0.0,0.8091129964094825,False,1.9947328665193276
1502,13.5978,33.8177,19.0378,8.0,0.0,1.11625,,100.0,35.0,35.0,1,100.0,0.0,1.1475289430084636,False,2.8021449503662867
1503,9.0552,20.1532,16.8173,6.0,0.0,0.630196,,100.0,35.0,35.0,1,100.0,0.0,0.652567650641708,False,3.549951228142988
1504,18.0202,35.9906,18.2459,7.0,0.0,1.2373,,100.0,35.0,35.0,1,100.0,0.0,1.2790975230633792,False,3.378123580649732
1505,16.0924,36.2306,16.4199,10.0,0.0,1.24616,,100.0,35.0,35.0,1,100.0,0.0,1.2877680697666265,False,3.338902690395019
1506,39.612,23.0263,16.4556,9.0,0.0,0.957012,,100.0,35.0,35.0,1,100.0,0.0,0.9769179977667988,False,2.0800154822299826
1507,23.3535,16.0517,18.3694,9.0,0.0,0.601924,,100.0,35.0,35.0,1,100.0,0.0,0.6224368637904303,False,3.407882687919118
1508,13.6362,30.956,17.1037,5.0,0.0,1.01941,,100.0,35.0,35.0,1,100.0,0.0,1.0533772429726191,False,3.3320492218655122
1509,26.399,26.819,16.9069,7.0,0.0,0.972754,,100.0,35.0,35.0,1,100.0,0.0,1.0139645235746462,False,4.23647947730322
1510,34.597,27.6838,17.582,9.0,0.0,1.05337,,100.0,35.0,35.0,1,100.0,0.0,1.0942388730628505,False,3.87982124636648
1511,6.92461,19.7185,18.4427,9.0,0.0,0.596359,,100.0,35.0,35.0,1,100.0,0.0,0.612827019876056,False,2.7614272403126408
1512,13.5335,28.444,17.2021,5.0,0.0,0.929201,,100.0,35.0,35.0,1,100.0,0.0,0.9619120878635048,False,3.5203457447317357
1513,29.0913,19.9642,16.9851,7.0,0.0,0.773882,,100.0,35.0,35.0,1,100.0,0.0,0.7979082519714974,False,3.10464023862778
1514,10.5167,27.3262,16.989,8.0,0.0,0.869664,,100.0,35.0,35.0,1,100.0,0.0,0.8964497553886296,False,3.0800119803314376
1515,19.6534,21.9968,18.5921,5.0,0.0,0.752704,,100.0,35.0,35.0,1,100.0,0.0,0.7857143272541176,False,4.385565541583087
1516,9.04087,20.5582,18.0672,5.0,0.0,0.63768,,100.0,35.0,35.0,1,100.0,0.0,0.6589526854256256,False,3.3359499162002177
1517,44.5272,16.1905,17.1938,10.0,0.0,0.774276,,100.0,35.0,35.0,1,100.0,0.0,0.7559629525717941,False,-2.3651834007777373
1518,20.7867,31.7897,16.1762,9.0,0.0,1.11206,,100.0,35.0,35.0,1,100.0,0.0,1.159352451178521,False,4.25268880982329
1519,6.91143,20.858,17.6755,8.0,0.0,0.632948,,100.0,35.0,35.0,1,100.0,0.0,0.6500770108557048,False,2.706227187020868
1520,12.767,21.4123,17.6509,8.0,0.0,0.692176,,100.0,35.0,35.0,1,100.0,0.0,0.7206799682108949,False,4.118023192207596
1521,27.2366,30.6352,17.3961,5.0,0.0,1.10558,,100.0,35.0,35.0,1,100.0,0.0,1.1540325684291877,False,4.38254747998224
1522,10.0468,32.3377,16.7852,7.0,0.0,1.04503,,100.0,35.0,35.0,1,100.0,0.0,1.0713047789595724,False,2.514260735057609
1523,7.65385,21.563,18.0694,9.0,0.0,0.658762,,100.0,35.0,35.0,1,100.0,0.0,0.6773441825494915,False,2.820773291339135
1524,21.3447,29.3668,15.7189,7.0,0.0,1.03364,,100.0,35.0,35.0,1,100.0,0.0,1.078973965488805,False,4.3858563415507525
1525,32.602,30.3429,17.6117,7.0,0.0,1.13139,,100.0,35.0,35.0,1,100.0,0.0,1.1794829698594238,False,4.250786188619655
1526,22.8081,27.0387,16.8163,8.0,0.0,0.953687,,100.0,35.0,35.0,1,100.0,0.0,0.995491498610446,False,4.383461094724579
1527,8.73454,34.3611,17.225,9.0,0.0,1.11112,,100.0,35.0,35.0,1,100.0,0.0,1.1326050406262889,False,1.9336381872604895
1528,23.7786,19.0642,16.1649,9.0,0.0,0.71599,,100.0,35.0,35.0,1,100.0,0.0,0.7412994601467894,False,3.5348901725986903
1529,12.2578,25.6906,16.1427,6.0,0.0,0.832905,,100.0,35.0,35.0,1,100.0,0.0,0.8638490841734423,False,3.7151997134657972
1530,29.567,17.505,17.0263,6.0,0.0,0.703597,,100.0,35.0,35.0,1,100.0,0.0,0.7196189693333366,False,2.27715145649236
1531,24.9891,36.2351,17.0719,7.0,0.0,1.30777,,100.0,35.0,35.0,1,100.0,0.0,1.3629144983896309,False,4.216681709293741
1532,22.4316,18.2237,17.2786,10.0,0.0,0.66896,,100.0,35.0,35.0,1,100.0,0.0,0.6941883954558685,False,3.771286094216175
1533,20.1481,22.039,19.5753,7.0,0.0,0.750476,,100.0,35.0,35.0,1,100.0,0.0,0.7833170371768445,False,4.376027638038325
1534,25.4913,35.046,18.3782,10.0,0.0,1.24994,,100.0,35.0,35.0,1,100.0,0.0,1.3024912722691178,False,4.204303588101645
1535,21.4525,25.7992,17.6151,6.0,0.0,0.894777,,100.0,35.0,35.0,1,100.0,0.0,0.9338521379915792,False,4.367025302570264
1536,25.1897,34.0045,16.9441,5.0,0.0,1.22161,,100.0,35.0,35.0,1,100.0,0.0,1.2741406607701649,False,4.300117121680795
1537,19.3055,29.4408,17.3786,5.0,0.0,1.00513,,100.0,35.0,35.0,1,100.0,0.0,1.0473638529659892,False,4.201829909164897
1538,16.8368,34.6362,17.433,9.0,0.0,1.18018,,100.0,35.0,35.0,1,100.0,0.0,1.2207566301542383,False,3.43817300362981
1539,27.3436,26.8803,18.359,8.0,0.0,0.965705,,100.0,35.0,35.0,1,100.0,0.0,1.0069039379457043,False,4.26620323449752
1540,8.81635,34.6442,18.2977,5.0,0.0,1.11905,,100.0,35.0,35.0,1,100.0,0.0,1.1389322206513115,False,1.77670529925485
1541,27.8836,28.9303,16.6323,6.0,0.0,1.05923,,100.0,35.0,35.0,1,100.0,0.0,1.1046389845755682,False,4.286980596807899
1542,14.4625,27.7008,18.2713,7.0,0.0,0.904304,,100.0,35.0,35.0,1,100.0,0.0,0.9369126960785068,False,3.6059440275069896
1543,30.3283,36.3669,17.6138,10.0,0.0,1.34597,,100.0,35.0,35.0,1,100.0,0.0,1.404493634795416,False,4.348063834663171
1544,13.2056,16.3178,16.138,9.0,0.0,0.552041,,100.0,35.0,35.0,1,100.0,0.0,0.576348707773111,False,4.403243196268208
1545,36.7215,27.0738,18.06,8.0,0.0,1.04107,,100.0,35.0,35.0,1,100.0,0.0,1.0797794456355612,False,3.7182365869308716
1546,13.6986,23.7466,17.5427,10.0,0.0,0.772674,,100.0,35.0,35.0,1,100.0,0.0,0.8037098632738988,False,4.016682750280046
1547,27.1582,25.1285,18.5106,8.0,0.0,0.904525,,100.0,35.0,35.0,1,100.0,0.0,0.9431063625443292,False,4.265372714333955
1548,24.1397,34.8788,17.5371,5.0,0.0,1.24195,,100.0,35.0,35.0,1,100.0,0.0,1.2941456042957509,False,4.202713820665145
1549,9.88393,28.1538,18.4176,8.0,0.0,0.887433,,100.0,35.0,35.0,1,100.0,0.0,0.9108803839649088,False,2.6421582209483705
1550,10.418,15.5508,17.6929,10.0,0.0,0.500725,,100.0,35.0,35.0,1,100.0,0.0,0.5222119849336382,False,4.2911747832918685
1551,12.0865,24.3615,18.2957,9.0,0.0,0.777102,,100.0,35.0,35.0,1,100.0,0.0,0.8045541398987658,False,3.532630195105125
1552,28.1292,20.0187,16.3532,5.0,0.0,0.776467,,100.0,35.0,35.0,1,100.0,0.0,0.8005284039502096,False,3.0988314957634535
1553,17.5042,18.5929,18.0234,10.0,0.0,0.638317,,100.0,35.0,35.0,1,100.0,0.0,0.6663389259713202,False,4.389970182733679
1554,14.4085,26.5162,15.6626,10.0,0.0,0.880671,,100.0,35.0,35.0,1,100.0,0.0,0.9169109104054028,False,4.115033923610845
1555,27.7429,25.573,17.3243,7.0,0.0,0.936155,,100.0,35.0,35.0,1,100.0,0.0,0.9748329654331662,False,4.13157708212489
1556,21.4125,36.9448,17.978,8.0,0.0,1.30254,,100.0,35.0,35.0,1,100.0,0.0,1.3510716326605114,False,3.725922632741521
1557,19.3938,33.166,17.5396,10.0,0.0,1.14094,,100.0,35.0,35.0,1,100.0,0.0,1.1853144567316942,False,3.889289246734636
1558,28.6625,23.8188,16.075,7.0,0.0,0.902526,,100.0,35.0,35.0,1,100.0,0.0,0.9356634479114908,False,3.6716336051804332
1559,19.9282,33.8656,15.9814,6.0,0.0,1.18577,,100.0,35.0,35.0,1,100.0,0.0,1.2346783374596488,False,4.12460573801402
1560,29.5572,35.6645,17.649,7.0,0.0,1.31132,,100.0,35.0,35.0,1,100.0,0.0,1.3683084894386608,False,4.345887307343802
1561,29.0218,23.2813,16.2711,7.0,0.0,0.885517,,100.0,35.0,35.0,1,100.0,0.0,0.917290786911519,False,3.588162272606737
1562,19.5407,31.3876,18.8581,6.0,0.0,1.06563,,100.0,35.0,35.0,1,100.0,0.0,1.1071819931271871,False,3.899288977148452
1563,10.1333,28.2201,17.1448,10.0,0.0,0.896621,,100.0,35.0,35.0,1,100.0,0.0,0.9225434021695694,False,2.8911214626435724
1564,17.3618,23.981,17.1782,6.0,0.0,0.809378,,100.0,35.0,35.0,1,100.0,0.0,0.844474560725164,False,4.336238534425693
1565,15.8046,34.3306,16.905,7.0,0.0,1.16424,,100.0,35.0,35.0,1,100.0,0.0,1.2037359974894648,False,3.3924274625047124
1566,19.7339,32.8101,16.3255,6.0,0.0,1.14052,,100.0,35.0,35.0,1,100.0,0.0,1.187699632534052,False,4.136677351914224
1567,32.2955,36.8633,16.0795,9.0,0.0,1.40292,,100.0,35.0,35.0,1,100.0,0.0,1.4645899775625613,False,4.395829951997357
1568,18.843,27.0067,17.7088,8.0,0.0,0.915433,,100.0,35.0,35.0,1,100.0,0.0,0.9544175674845944,False,4.258593199567236
1569,33.8567,19.565,18.9007,6.0,0.0,0.77185,,100.0,35.0,35.0,1,100.0,0.0,0.7935774247795149,False,2.814980213709249
1570,29.0078,27.7352,16.9406,10.0,0.0,1.02228,,100.0,35.0,35.0,1,100.0,0.0,1.0654223535772227,False,4.220209098996618
1571,6.60312,32.2288,18.0307,7.0,0.0,1.01163,,100.0,35.0,35.0,1,100.0,0.0,1.025292708719355,False,1.3505638147697323
1572,11.2037,16.4414,17.3253,6.0,0.0,0.533833,,100.0,35.0,35.0,1,100.0,0.0,0.5568662337367264,False,4.3146890013780315
1573,6.49017,34.4519,17.8708,5.0,0.0,1.09642,,100.0,35.0,35.0,1,100.0,0.0,1.108819092869951,False,1.1308707311022337
1574,26.9622,31.3299,16.1418,7.0,0.0,1.14414,,100.0,35.0,35.0,1,100.0,0.0,1.1942543494215367,False,4.380088924566645
1575,24.049,33.3866,19.1937,9.0,0.0,1.16808,,100.0,35.0,35.0,1,100.0,0.0,1.2166226703091,False,4.155765898662771
1576,23.8563,34.3521,16.7633,5.0,0.0,1.22711,,100.0,35.0,35.0,1,100.0,0.0,1.2793541193151738,False,4.257492752497651
1577,18.182,27.153,17.5197,6.0,0.0,0.917026,,100.0,35.0,35.0,1,100.0,0.0,0.9557964405294168,False,4.227845287856266
1578,13.3424,21.8779,16.8814,5.0,0.0,0.715099,,100.0,35.0,35.0,1,100.0,0.0,0.7451644885402657,False,4.2043812871037005
1579,34.7057,30.0022,17.4551,7.0,0.0,1.13667,,100.0,35.0,35.0,1,100.0,0.0,1.1829513953911397,False,4.071665073516466
1580,11.0374,34.1125,17.0063,6.0,0.0,1.11942,,100.0,35.0,35.0,1,100.0,0.0,1.147707177288229,False,2.526949428117144
1581,13.5028,28.517,18.2966,7.0,0.0,0.925534,,100.0,35.0,35.0,1,100.0,0.0,0.956753306903066,False,3.3731129167665443
1582,24.893,32.2921,16.8768,7.0,0.0,1.15488,,100.0,35.0,35.0,1,100.0,0.0,1.2050237153951855,False,4.341898326682045
1583,7.40804,28.6665,16.2144,10.0,0.0,0.895013,,100.0,35.0,35.0,1,100.0,0.0,0.914797630416141,False,2.2105411224352154
1584,14.7134,21.6835,16.0458,10.0,0.0,0.725167,,100.0,35.0,35.0,1,100.0,0.0,0.7566737298509456,False,4.344755049656921
1585,38.7994,36.6807,18.4697,8.0,0.0,1.40703,,100.0,35.0,35.0,1,100.0,0.0,1.4688024507198123,False,4.390272468946099
1586,40.541,20.9432,17.8604,10.0,0.0,0.874786,,100.0,35.0,35.0,1,100.0,0.0,0.8902585427451399,False,1.7687231785991069
1587,20.6634,22.3007,18.0456,8.0,0.0,0.773362,,100.0,35.0,35.0,1,100.0,0.0,0.8072621189170142,False,4.383473576024445
1588,8.1515,23.3607,17.5026,10.0,0.0,0.720372,,100.0,35.0,35.0,1,100.0,0.0,0.740798629523173,False,2.8355668353535366
1589,24.9301,35.5085,17.9317,10.0,0.0,1.26889,,100.0,35.0,35.0,1,100.0,0.0,1.3220382442863772,False,4.188561994055993
1590,17.8941,16.8236,16.3608,9.0,0.0,0.601769,,100.0,35.0,35.0,1,100.0,0.0,0.6257951407555141,False,3.9925853201999644
1591,25.6543,20.429,17.785,5.0,0.0,0.75354,,100.0,35.0,35.0,1,100.0,0.0,0.7823012284751089,False,3.8168150960942846
1592,11.3252,36.2033,16.9543,9.0,0.0,1.20542,,100.0,35.0,35.0,1,100.0,0.0,1.2344982087951997,False,2.412288562924104
1593,15.9755,25.857,17.0254,6.0,0.0,0.861137,,100.0,35.0,35.0,1,100.0,0.0,0.8971461635344298,False,4.181583596388232
1594,27.9374,28.9075,17.3195,8.0,0.0,1.05036,,100.0,35.0,35.0,1,100.0,0.0,1.0956836250941682,False,4.315056275388267
1595,36.9559,27.566,17.8326,8.0,0.0,1.06269,,100.0,35.0,35.0,1,100.0,0.0,1.1022803501479277,False,3.7254843978891095
1596,8.12137,31.0353,16.7798,10.0,0.0,0.982689,,100.0,35.0,35.0,1,100.0,0.0,1.0035139962701796,False,2.11918483570891
1597,14.3305,25.8613,19.3141,5.0,0.0,0.836324,,100.0,35.0,35.0,1,100.0,0.0,0.8667829617895437,False,3.64200498724702
1598,7.51064,31.6992,19.1885,8.0,0.0,0.995221,,100.0,35.0,35.0,1,100.0,0.0,1.011586666252675,False,1.6444253339383799
1599,8.07638,31.7181,15.5764,10.0,0.0,1.01199,,100.0,35.0,35.0,1,100.0,0.0,1.0344847817749272,False,2.2228264879027715
1600,29.0853,28.2822,17.105,6.0,0.0,1.03982,,100.0,35.0,35.0,1,100.0,0.0,1.0840142363156893,False,4.250181407906109
1601,36.1905,28.4671,16.7182,9.0,0.0,1.10531,,100.0,35.0,35.0,1,100.0,0.0,1.1463079470528132,False,3.70918086806536
1602,21.8003,16.3633,18.0516,7.0,0.0,0.602862,,100.0,35.0,35.0,1,100.0,0.0,0.6248590570001765,False,3.6487715265146106
1603,36.9982,31.6227,18.0423,10.0,0.0,1.20325,,100.0,35.0,35.0,1,100.0,0.0,1.253140931436746,False,4.146347927425404
1604,9.30204,28.5402,16.7196,7.0,0.0,0.903266,,100.0,35.0,35.0,1,100.0,0.0,0.9275925869945588,False,2.6931808564209
1605,27.8525,27.1768,16.8957,9.0,0.0,0.995016,,100.0,35.0,35.0,1,100.0,0.0,1.0375171808646062,False,4.2714067778413805
1606,21.8351,22.3014,16.7952,7.0,0.0,0.793112,,100.0,35.0,35.0,1,100.0,0.0,0.8268284345160373,False,4.251156774331649
1607,23.0273,35.0209,19.8825,9.0,0.0,1.21987,,100.0,35.0,35.0,1,100.0,0.0,1.2665904003729302,False,3.8299491235074425
1608,19.4818,22.2171,15.9721,5.0,0.0,0.780258,,100.0,35.0,35.0,1,100.0,0.0,0.8138510604171427,False,4.305378530837585
1609,30.4519,20.6984,16.5825,8.0,0.0,0.811963,,100.0,35.0,35.0,1,100.0,0.0,0.8360693080347358,False,2.9688924291791365
1610,17.8534,21.9307,16.8537,9.0,0.0,0.750932,,100.0,35.0,35.0,1,100.0,0.0,0.783881859223753,False,4.387861913429302
1611,45.6743,32.4054,15.2403,10.0,0.0,1.35255,,100.0,35.0,35.0,1,100.0,0.0,1.39468170707257,False,3.114983333153687
1612,24.7842,22.1188,15.926,6.0,0.0,0.820039,,100.0,35.0,35.0,1,100.0,0.0,0.8515206982858036,False,3.83904890935719
1613,13.8509,17.6446,16.119,5.0,0.0,0.596028,,100.0,35.0,35.0,1,100.0,0.0,0.6222657636793999,False,4.402102531995124
1614,7.35543,24.7837,18.3302,8.0,0.0,0.757807,,100.0,35.0,35.0,1,100.0,0.0,0.7752313369915066,False,2.2993106412987188
1615,16.3181,29.4307,18.0062,8.0,0.0,0.978948,,100.0,35.0,35.0,1,100.0,0.0,1.0156017293023534,False,3.7441957389313147
1616,17.1009,31.553,17.4829,6.0,0.0,1.06433,,100.0,35.0,35.0,1,100.0,0.0,1.1041116516210625,False,3.737717777480904
1617,22.1658,34.5972,17.8083,8.0,0.0,1.21407,,100.0,35.0,35.0,1,100.0,0.0,1.2633724683128242,False,4.060924684147063
1618,40.6661,23.8511,18.3754,5.0,0.0,0.958393,,100.0,35.0,35.0,1,100.0,0.0,0.9855038381077268,False,2.8287808975782105
1619,19.3478,20.0762,17.991,10.0,0.0,0.696104,,100.0,35.0,35.0,1,100.0,0.0,0.7261939898759271,False,4.3226284974554305
1620,29.2571,17.1823,18.1023,10.0,0.0,0.67878,,100.0,35.0,35.0,1,100.0,0.0,0.6965347790395671,False,2.6156897727639317
1621,8.84504,34.5814,17.5104,10.0,0.0,1.11953,,100.0,35.0,35.0,1,100.0,0.0,1.140827597155848,False,1.902369490397578
1622,18.279,18.6382,16.7521,9.0,0.0,0.654919,,100.0,35.0,35.0,1,100.0,0.0,0.682569028772716,False,4.221900536206148
1623,11.8876,29.8205,16.7617,6.0,0.0,0.967728,,100.0,35.0,35.0,1,100.0,0.0,0.9980609811775272,False,3.1344531911370903
1624,13.1989,22.3784,16.5708,10.0,0.0,0.731469,,100.0,35.0,35.0,1,100.0,0.0,0.7620544287525443,False,4.181370468542648
1625,19.5625,15.7176,17.5863,8.0,0.0,0.572044,,100.0,35.0,35.0,1,100.0,0.0,0.5936718901512432,False,3.7808088453411317
1626,28.6302,19.3746,16.4694,6.0,0.0,0.759379,,100.0,35.0,35.0,1,100.0,0.0,0.7814154442969317,False,2.901903304796634
1627,11.3931,30.3773,15.3324,5.0,0.0,0.991784,,100.0,35.0,35.0,1,100.0,0.0,1.0235551810728916,False,3.203437550201613
1628,8.24517,26.8415,16.0944,9.0,0.0,0.839771,,100.0,35.0,35.0,1,100.0,0.0,0.8621658811265458,False,2.6667842931639396
1629,28.6304,25.8673,15.8881,5.0,0.0,0.971835,,100.0,35.0,35.0,1,100.0,0.0,1.0092821292765617,False,3.8532394158022383
1630,23.2941,25.8177,18.3451,7.0,0.0,0.901995,,100.0,35.0,35.0,1,100.0,0.0,0.9415053778561598,False,4.380332247535724
1631,22.1485,33.31,18.1639,9.0,0.0,1.16088,,100.0,35.0,35.0,1,100.0,0.0,1.208734576755491,False,4.122267310617031
1632,18.125,26.9111,17.5446,6.0,0.0,0.90828,,100.0,35.0,35.0,1,100.0,0.0,0.9467399602194853,False,4.234372684578024
1633,31.9041,19.9305,17.8516,9.0,0.0,0.782354,,100.0,35.0,35.0,1,100.0,0.0,0.8051326547294516,False,2.911553430985413
1634,34.8375,33.5465,16.2785,10.0,0.0,1.28696,,100.0,35.0,35.0,1,100.0,0.0,1.3412252752609022,False,4.216547154604811
1635,13.9856,33.4231,17.1432,8.0,0.0,1.11394,,100.0,35.0,35.0,1,100.0,0.0,1.1490578323495495,False,3.1525784467340765
1636,38.0925,26.9754,15.9802,9.0,0.0,1.08241,,100.0,35.0,35.0,1,100.0,0.0,1.1161780958607306,False,3.1197139587337963
1637,22.8895,25.0403,15.52,8.0,0.0,0.90263,,100.0,35.0,35.0,1,100.0,0.0,0.9410285452165849,False,4.2540736754356505
1638,14.3108,29.2147,18.5195,9.0,0.0,0.954512,,100.0,35.0,35.0,1,100.0,0.0,0.9867970810227576,False,3.3823651271809703
1639,19.187,19.8283,17.342,10.0,0.0,0.692544,,100.0,35.0,35.0,1,100.0,0.0,0.7222745572565983,False,4.292948499531905
1640,17.322,22.7837,17.4866,6.0,0.0,0.768845,,100.0,35.0,35.0,1,100.0,0.0,0.8022883541067924,False,4.34981746734289
1641,24.4324,34.3858,18.8603,5.0,0.0,1.21221,,100.0,35.0,35.0,1,100.0,0.0,1.2625221466642365,False,4.150448079477685
1642,27.5999,27.6558,17.5378,10.0,0.0,1.0025,,100.0,35.0,35.0,1,100.0,0.0,1.0452879421237675,False,4.268123902620207
1643,26.0244,29.9164,17.5082,6.0,0.0,1.06976,,100.0,35.0,35.0,1,100.0,0.0,1.1165524537292972,False,4.374107625009085
1644,23.0152,36.9861,17.5689,7.0,0.0,1.31938,,100.0,35.0,35.0,1,100.0,0.0,1.3716785603314954,False,3.963873965915459
1645,11.0577,20.3358,17.7057,5.0,0.0,0.646673,,100.0,35.0,35.0,1,100.0,0.0,0.6717907320920883,False,3.8841473344469657
1646,18.4928,20.471,16.2475,6.0,0.0,0.716084,,100.0,35.0,35.0,1,100.0,0.0,0.7468405241540738,False,4.2951000377153665
1647,15.074,13.0856,15.8007,10.0,0.0,0.476856,,100.0,35.0,35.0,1,100.0,0.0,0.4944318814071634,False,3.6857838440039288
1648,31.568,19.8412,16.2936,6.0,0.0,0.798829,,100.0,35.0,35.0,1,100.0,0.0,0.8181664155377406,False,2.420720271515005
1649,19.2966,27.1086,18.633,7.0,0.0,0.915251,,100.0,35.0,35.0,1,100.0,0.0,0.9539435435777646,False,4.227533603106091
1650,13.1284,25.6178,17.4128,10.0,0.0,0.812735,,120.0,35.0,35.0,1,120.0,0.0,0.840448088492279,False,3.4098554254805133
1651,34.9534,19.322,17.3337,5.0,0.0,0.759253,,120.0,35.0,35.0,1,120.0,0.0,0.7730473541954085,False,1.8168323596230151
1652,13.5978,33.8177,19.0378,6.0,0.0,1.09732,,120.0,35.0,35.0,1,120.0,0.0,1.12684911229549,False,2.6910210599906987
1653,9.0552,20.1532,16.8173,5.0,0.0,0.617688,,120.0,35.0,35.0,1,120.0,0.0,0.6380751276201698,False,3.300554263668682
1654,18.0202,35.9906,18.2459,6.0,0.0,1.21368,,120.0,35.0,35.0,1,120.0,0.0,1.2520134937854246,False,3.158451468708762
1655,16.0924,36.2306,16.4199,7.0,0.0,1.22257,,120.0,35.0,35.0,1,120.0,0.0,1.2607619348548331,False,3.1239057767516942
1656,39.612,23.0263,16.4556,5.0,0.0,0.91629,,120.0,35.0,35.0,1,120.0,0.0,0.933599534948068,False,1.8890891473297724
1657,23.3535,16.0517,18.3694,6.0,0.0,0.579697,,120.0,35.0,35.0,1,120.0,0.0,0.5977312103862618,False,3.1109718329164613
1658,13.6362,30.956,17.1037,7.0,0.0,1.00029,,120.0,35.0,35.0,1,120.0,0.0,1.0313686288852928,False,3.1069618695871095
1659,26.399,26.819,16.9069,5.0,0.0,0.943155,,120.0,35.0,35.0,1,120.0,0.0,0.979989878182586,False,3.9054957226103895
1660,34.597,27.6838,17.582,8.0,0.0,1.01768,,120.0,35.0,35.0,1,120.0,0.0,1.0548360385363789,False,3.651053232487515
1661,6.92461,19.7185,18.4427,5.0,0.0,0.586338,,120.0,35.0,35.0,1,120.0,0.0,0.6019678710741554,False,2.6656759538278885
1662,13.5335,28.444,17.2021,5.0,0.0,0.910842,,120.0,35.0,35.0,1,120.0,0.0,0.9407103826489128,False,3.2792056853892095
1663,29.0913,19.9642,16.9851,9.0,0.0,0.744181,,120.0,35.0,35.0,1,120.0,0.0,0.7654131420021474,False,2.8530884290444667
1664,10.5167,27.3262,16.989,10.0,0.0,0.854072,,120.0,35.0,35.0,1,120.0,0.0,0.8788654443827586,False,2.902968881166757
1665,19.6534,21.9968,18.5921,8.0,0.0,0.732134,,120.0,35.0,35.0,1,120.0,0.0,0.7615150335087858,False,4.013067759288033
1666,9.04087,20.5582,18.0672,9.0,0.0,0.625624,,120.0,35.0,35.0,1,120.0,0.0,0.645153681632686,False,3.121632423418234
1667,44.5272,16.1905,17.1938,9.0,0.0,0.732445,,120.0,35.0,35.0,1,120.0,0.0,0.7165953115100333,False,-2.163942478952919
1668,20.7867,31.7897,16.1762,6.0,0.0,1.08543,,120.0,35.0,35.0,1,120.0,0.0,1.1272918714691529,False,3.85670853663092
1669,6.91143,20.858,17.6755,5.0,0.0,0.622412,,120.0,35.0,35.0,1,120.0,0.0,0.6387818931493991,False,2.6300735123036163
1670,12.767,21.4123,17.6509,9.0,0.0,0.676646,,120.0,35.0,35.0,1,120.0,0.0,0.7014672670689897,False,3.6682795832665356
1671,27.2366,30.6352,17.3961,6.0,0.0,1.07519,,120.0,35.0,35.0,1,120.0,0.0,1.118235326934092,False,4.003508862070147
1672,10.0468,32.3377,16.7852,7.0,0.0,1.02836,,120.0,35.0,35.0,1,120.0,0.0,1.0537860869135252,False,2.4724889059789583
1673,7.65385,21.563,18.0694,6.0,0.0,0.647571,,120.0,35.0,35.0,1,120.0,0.0,0.6650770461093657,False,2.7033400367474267
1674,21.3447,29.3668,15.7189,5.0,0.0,1.00694,,120.0,35.0,35.0,1,120.0,0.0,1.047370263949923,False,4.01516117642789
1675,32.602,30.3429,17.6117,5.0,0.0,1.0969,,120.0,35.0,35.0,1,120.0,0.0,1.139519073784562,False,3.8854110479133905
1676,22.8081,27.0387,16.8163,5.0,0.0,0.927384,,120.0,35.0,35.0,1,120.0,0.0,0.9645026154970788,False,4.002507644846023
1677,8.73454,34.3611,17.225,5.0,0.0,1.09504,,120.0,35.0,35.0,1,120.0,0.0,1.1172218373474487,False,2.0256645736638585
1678,23.7786,19.0642,16.1649,9.0,0.0,0.690079,,120.0,35.0,35.0,1,120.0,0.0,0.7123245743564205,False,3.2236272015842378
1679,12.2578,25.6906,16.1427,6.0,0.0,0.815715,,120.0,35.0,35.0,1,120.0,0.0,0.8435826872505328,False,3.4163509621047536
1680,29.567,17.505,17.0263,8.0,0.0,0.67415,,120.0,35.0,35.0,1,120.0,0.0,0.688168209991988,False,2.0793903422069264
1681,24.9891,36.2351,17.0719,8.0,0.0,1.27712,,120.0,35.0,35.0,1,120.0,0.0,1.3255931683052051,False,3.7955061627102458
1682,22.4316,18.2237,17.2786,6.0,0.0,0.645803,,120.0,35.0,35.0,1,120.0,0.0,0.6683110465840119,False,3.485280586186785
1683,20.1481,22.039,19.5753,6.0,0.0,0.730304,,120.0,35.0,35.0,1,120.0,0.0,0.7596655331155949,False,4.020453552985466
1684,25.4913,35.046,18.3782,7.0,0.0,1.2208,,120.0,35.0,35.0,1,120.0,0.0,1.266922001515279,False,3.778014540897672
1685,21.4525,25.7992,17.6151,9.0,0.0,0.870844,,120.0,35.0,35.0,1,120.0,0.0,0.9058112698040892,False,4.015331081581691
1686,25.1897,34.0045,16.9441,10.0,0.0,1.19135,,120.0,35.0,35.0,1,120.0,0.0,1.2385809041540332,False,3.9644860162029048
1687,19.3055,29.4408,17.3786,7.0,0.0,0.981905,,120.0,35.0,35.0,1,120.0,0.0,1.018801339137955,False,3.7576281960021456
1688,16.8368,34.6362,17.433,10.0,0.0,1.15732,,120.0,35.0,35.0,1,120.0,0.0,1.1945689791766734,False,3.2185548661280783
1689,27.3436,26.8803,18.359,5.0,0.0,0.937083,,120.0,35.0,35.0,1,120.0,0.0,0.9740674517502196,False,3.9467637071870456
1690,8.81635,34.6442,18.2977,6.0,0.0,1.10325,,120.0,35.0,35.0,1,120.0,0.0,1.123931931421186,False,1.8746368838600411
1691,27.8836,28.9303,16.6323,10.0,0.0,1.02741,,120.0,35.0,35.0,1,120.0,0.0,1.067987926842333,False,3.9495359050751864
1692,14.4625,27.7008,18.2713,9.0,0.0,0.886086,,120.0,35.0,35.0,1,120.0,0.0,0.9156756366915728,False,3.339363977263242
1693,30.3283,36.3669,17.6138,7.0,0.0,1.31151,,120.0,35.0,35.0,1,120.0,0.0,1.3640178698126435,False,4.003619477750345
1694,13.2056,16.3178,16.138,5.0,0.0,0.536394,,120.0,35.0,35.0,1,120.0,0.0,0.5578930966428213,False,4.008079255700331
1695,36.7215,27.0738,18.06,9.0,0.0,1.00475,,120.0,35.0,35.0,1,120.0,0.0,1.0393246909797766,False,3.441123760117105
1696,13.6986,23.7466,17.5427,6.0,0.0,0.755693,,120.0,35.0,35.0,1,120.0,0.0,0.7829486577572184,False,3.6067103648199073
1697,27.1582,25.1285,18.5106,10.0,0.0,0.877113,,120.0,35.0,35.0,1,120.0,0.0,0.9112874720299609,False,3.8962450710411116
1698,24.1397,34.8788,17.5371,6.0,0.0,1.21302,,120.0,35.0,35.0,1,120.0,0.0,1.2588179211110568,False,3.7755289369554377
1699,9.88393,28.1538,18.4176,8.0,0.0,0.872809,,120.0,35.0,35.0,1,120.0,0.0,0.8953975107744169,False,2.5880245018574426
1700,10.418,15.5508,17.6929,9.0,0.0,0.488617,,120.0,35.0,35.0,1,120.0,0.0,0.5077312269062767,False,3.911903782773967
1701,12.0865,24.3615,18.2957,5.0,0.0,0.761714,,120.0,35.0,35.0,1,120.0,0.0,0.7867610321336406,False,3.2882462621982222
1702,28.1292,20.0187,16.3532,5.0,0.0,0.746643,,120.0,35.0,35.0,1,120.0,0.0,0.7679022347011671,False,2.847309182724166
1703,17.5042,18.5929,18.0234,9.0,0.0,0.619869,,120.0,35.0,35.0,1,120.0,0.0,0.6445166525880709,False,3.976267983730577
1704,14.4085,26.5162,15.6626,8.0,0.0,0.860906,,120.0,35.0,35.0,1,120.0,0.0,0.8924461792197957,False,3.663603136671808
1705,27.7429,25.573,17.3243,6.0,0.0,0.906652,,120.0,35.0,35.0,1,120.0,0.0,0.9414369715997226,False,3.8366398132605015
1706,21.4125,36.9448,17.978,7.0,0.0,1.27563,,120.0,35.0,35.0,1,120.0,0.0,1.3192975238293727,False,3.4232123601179545
1707,19.3938,33.166,17.5396,9.0,0.0,1.11651,,120.0,35.0,35.0,1,120.0,0.0,1.155966779694849,False,3.533938764081743
1708,28.6625,23.8188,16.075,7.0,0.0,0.870813,,120.0,35.0,35.0,1,120.0,0.0,0.900303515663089,False,3.386549771660394
1709,19.9282,33.8656,15.9814,5.0,0.0,1.15905,,120.0,35.0,35.0,1,120.0,0.0,1.201671586179215,False,3.6772862412506093
1710,29.5572,35.6645,17.649,5.0,0.0,1.27778,,120.0,35.0,35.0,1,120.0,0.0,1.3289121083965711,False,4.001636306451129
1711,29.0218,23.2813,16.2711,7.0,0.0,0.853933,,120.0,35.0,35.0,1,120.0,0.0,0.882110817046871,False,3.2997690740223113
1712,19.5407,31.3876,18.8581,9.0,0.0,1.04251,,120.0,35.0,35.0,1,120.0,0.0,1.079676295552065,False,3.5650780857799784
1713,10.1333,28.2201,17.1448,9.0,0.0,0.881184,,120.0,35.0,35.0,1,120.0,0.0,0.9053997307487204,False,2.7480901546919156
1714,17.3618,23.981,17.1782,7.0,0.0,0.78897,,120.0,35.0,35.0,1,120.0,0.0,0.8204388617758173,False,3.988600552089093
1715,15.8046,34.3306,16.905,6.0,0.0,1.14194,,120.0,35.0,35.0,1,120.0,0.0,1.1781686352389409,False,3.172551556031047
1716,19.7339,32.8101,16.3255,8.0,0.0,1.11469,,120.0,35.0,35.0,1,120.0,0.0,1.1558373589776467,False,3.6913723974958748
1717,32.2955,36.8633,16.0795,8.0,0.0,1.36414,,120.0,35.0,35.0,1,120.0,0.0,1.418835390078769,False,4.009514425115385
1718,18.843,27.0067,17.7088,10.0,0.0,0.893422,,120.0,35.0,35.0,1,120.0,0.0,0.927972888625772,False,3.8672529471819512
1719,33.8567,19.565,18.9007,6.0,0.0,0.741088,,120.0,35.0,35.0,1,120.0,0.0,0.759933127454613,False,2.5429000948083207
1720,29.0078,27.7352,16.9406,9.0,0.0,0.990976,,120.0,35.0,35.0,1,120.0,0.0,1.0291172079745283,False,3.848852845530907
1721,6.60312,32.2288,18.0307,7.0,0.0,0.998233,,120.0,35.0,35.0,1,120.0,0.0,1.0137789838471476,False,1.557350222558016
1722,11.2037,16.4414,17.3253,10.0,0.0,0.520664,,120.0,35.0,35.0,1,120.0,0.0,0.541342676102713,False,3.971597057356186
1723,6.49017,34.4519,17.8708,9.0,0.0,1.08219,,120.0,35.0,35.0,1,120.0,0.0,1.0972610755302603,False,1.3926459799351616
1724,26.9622,31.3299,16.1418,8.0,0.0,1.11201,,120.0,35.0,35.0,1,120.0,0.0,1.1564180823376875,False,3.9934966715845683
1725,24.049,33.3866,19.1937,8.0,0.0,1.14143,,120.0,35.0,35.0,1,120.0,0.0,1.1838103061807528,False,3.7129132912883693
1726,23.8563,34.3521,16.7633,7.0,0.0,1.19767,,120.0,35.0,35.0,1,120.0,0.0,1.243951039077143,False,3.8642563541829626
1727,18.182,27.153,17.5197,10.0,0.0,0.895359,,120.0,35.0,35.0,1,120.0,0.0,0.9295081680969584,False,3.814019638710097
1728,13.3424,21.8779,16.8814,9.0,0.0,0.698468,,120.0,35.0,35.0,1,120.0,0.0,0.7248160098722275,False,3.7722572647891557
1729,34.7057,30.0022,17.4551,6.0,0.0,1.10027,,120.0,35.0,35.0,1,120.0,0.0,1.1421920485398305,False,3.8101601006871393
1730,11.0374,34.1125,17.0063,6.0,0.0,1.10135,,120.0,35.0,35.0,1,120.0,0.0,1.1287946736999963,False,2.49191208062798
1731,13.5028,28.517,18.2966,5.0,0.0,0.907866,,120.0,35.0,35.0,1,120.0,0.0,0.9365041725167604,False,3.1544492818059586
1732,24.893,32.2921,16.8768,8.0,0.0,1.12532,,120.0,35.0,35.0,1,120.0,0.0,1.170328668461814,False,3.999632856593132
1733,7.40804,28.6665,16.2144,10.0,0.0,0.881407,,120.0,35.0,35.0,1,120.0,0.0,0.9008436936931884,False,2.2051893952723707
1734,14.7134,21.6835,16.0458,5.0,0.0,0.706733,,120.0,35.0,35.0,1,120.0,0.0,0.734986169370423,False,3.9977147480622954
1735,38.7994,36.6807,18.4697,9.0,0.0,1.36696,,120.0,35.0,35.0,1,120.0,0.0,1.4214680682420138,False,3.9875393751107433
1736,40.541,20.9432,17.8604,6.0,0.0,0.836603,,120.0,35.0,35.0,1,120.0,0.0,0.8501110054753734,False,1.6146255123844229
1737,20.6634,22.3007,18.0456,8.0,0.0,0.751424,,120.0,35.0,35.0,1,120.0,0.0,0.7814286042265518,False,3.993032459244291
1738,8.1515,23.3607,17.5026,9.0,0.0,0.708097,,120.0,35.0,35.0,1,120.0,0.0,0.7273061149485259,False,2.7127801626791177
1739,24.9301,35.5085,17.9317,6.0,0.0,1.23955,,120.0,35.0,35.0,1,120.0,0.0,1.2860784687059226,False,3.7536580780059414
1740,17.8941,16.8236,16.3608,9.0,0.0,0.581962,,120.0,35.0,35.0,1,120.0,0.0,0.60386514862708,False,3.763673337276314
1741,25.6543,20.429,17.785,6.0,0.0,0.727707,,120.0,35.0,35.0,1,120.0,0.0,0.753435812611036,False,3.5356005385458698
1742,11.3252,36.2033,16.9543,8.0,0.0,1.18639,,120.0,35.0,35.0,1,120.0,0.0,1.214717541060395,False,2.387709021518634
1743,15.9755,25.857,17.0254,10.0,0.0,0.841283,,120.0,35.0,35.0,1,120.0,0.0,0.8727626838051179,False,3.741866150286871
1744,27.9374,28.9075,17.3195,8.0,0.0,1.01958,,120.0,35.0,35.0,1,120.0,0.0,1.060063962197736,False,3.970650875628787
1745,36.9559,27.566,17.8326,5.0,0.0,1.02537,,120.0,35.0,35.0,1,120.0,0.0,1.0610301170333236,False,3.477780414223522
1746,8.12137,31.0353,16.7798,9.0,0.0,0.96802,,120.0,35.0,35.0,1,120.0,0.0,0.9893206983242402,False,2.200439900440094
1747,14.3305,25.8613,19.3141,9.0,0.0,0.819341,,120.0,35.0,35.0,1,120.0,0.0,0.846910947066867,False,3.3648928915881173
1748,7.51064,31.6992,19.1885,6.0,0.0,0.981701,,120.0,35.0,35.0,1,120.0,0.0,0.9982973230850772,False,1.6905680125697327
1749,8.07638,31.7181,15.5764,6.0,0.0,0.996434,,120.0,35.0,35.0,1,120.0,0.0,1.0186706062589257,False,2.2316185777407886
1750,29.0853,28.2822,17.105,7.0,0.0,1.00804,,120.0,35.0,35.0,1,120.0,0.0,1.0472906406492704,False,3.8937582486082207
1751,36.1905,28.4671,16.7182,10.0,0.0,1.06676,,120.0,35.0,35.0,1,120.0,0.0,1.103271412091541,False,3.4226454021092914
1752,21.8003,16.3633,18.0516,6.0,0.0,0.581494,,120.0,35.0,35.0,1,120.0,0.0,0.601001476271665,False,3.3547166903983614
1753,36.9982,31.6227,18.0423,5.0,0.0,1.16547,,120.0,35.0,35.0,1,120.0,0.0,1.2102488232159767,False,3.8421257703739014
1754,9.30204,28.5402,16.7196,9.0,0.0,0.888244,,120.0,35.0,35.0,1,120.0,0.0,0.9115240744871288,False,2.620909849898087
1755,27.8525,27.1768,16.8957,10.0,0.0,0.965276,,120.0,35.0,35.0,1,120.0,0.0,1.002260868257154,False,3.831532976801876
1756,21.8351,22.3014,16.7952,10.0,0.0,0.768897,,120.0,35.0,35.0,1,120.0,0.0,0.798803315644949,False,3.889508691664676
1757,23.0273,35.0209,19.8825,10.0,0.0,1.19408,,120.0,35.0,35.0,1,120.0,0.0,1.2358242655385552,False,3.4959354095667914
1758,19.4818,22.2171,15.9721,7.0,0.0,0.757244,,120.0,35.0,35.0,1,120.0,0.0,0.78707673029256,False,3.9396456482401905
1759,30.4519,20.6984,16.5825,5.0,0.0,0.780254,,120.0,35.0,35.0,1,120.0,0.0,0.8014313400259732,False,2.714159751308312
1760,17.8534,21.9307,16.8537,5.0,0.0,0.730347,,120.0,35.0,35.0,1,120.0,0.0,0.7596484844660316,False,4.011994910095016
1761,45.6743,32.4054,15.2403,5.0,0.0,1.30077,,120.0,35.0,35.0,1,120.0,0.0,1.3378338415343254,False,2.8493770254791704
1762,24.7842,22.1188,15.926,8.0,0.0,0.792103,,120.0,35.0,35.0,1,120.0,0.0,0.8203600993071707,False,3.5673516332056168
1763,13.8509,17.6446,16.119,6.0,0.0,0.579455,,120.0,35.0,35.0,1,120.0,0.0,0.60273264307422,False,4.017161483500872
1764,7.35543,24.7837,18.3302,10.0,0.0,0.746093,,120.0,35.0,35.0,1,120.0,0.0,0.7631453187945475,False,2.285548690920233
1765,16.3181,29.4307,18.0062,10.0,0.0,0.958635,,120.0,35.0,35.0,1,120.0,0.0,0.9914348218287364,False,3.421513071057954
1766,17.1009,31.553,17.4829,6.0,0.0,1.04203,,120.0,35.0,35.0,1,120.0,0.0,1.0780078514257765,False,3.452669445771856
1767,22.1658,34.5972,17.8083,9.0,0.0,1.18715,,120.0,35.0,35.0,1,120.0,0.0,1.2302646042703762,False,3.631773935086238
1768,40.6661,23.8511,18.3754,7.0,0.0,0.920332,,120.0,35.0,35.0,1,120.0,0.0,0.9439708149259568,False,2.5685095080858606
1769,19.3478,20.0762,17.991,10.0,0.0,0.675756,,120.0,35.0,35.0,1,120.0,0.0,0.7024946789099347,False,3.9568540878563625
1770,29.2571,17.1823,18.1023,10.0,0.0,0.651191,,120.0,35.0,35.0,1,120.0,0.0,0.6666410820462473,False,2.3725883874696234
1771,8.84504,34.5814,17.5104,9.0,0.0,1.10341,,120.0,35.0,35.0,1,120.0,0.0,1.1254691945248938,False,1.999183850508315
1772,18.279,18.6382,16.7521,7.0,0.0,0.634701,,120.0,35.0,35.0,1,120.0,0.0,0.6593421478576839,False,3.8823237804389628
1773,11.8876,29.8205,16.7617,9.0,0.0,0.95014,,120.0,35.0,35.0,1,120.0,0.0,0.978097720212774,False,2.942484287870628
1774,13.1989,22.3784,16.5708,5.0,0.0,0.714617,,120.0,35.0,35.0,1,120.0,0.0,0.741369062687462,False,3.743552516587502
1775,19.5625,15.7176,17.5863,9.0,0.0,0.552234,,120.0,35.0,35.0,1,120.0,0.0,0.5715111305496332,False,3.490754019063151
1776,28.6302,19.3746,16.4694,10.0,0.0,0.729445,,120.0,35.0,35.0,1,120.0,0.0,0.7487309854800867,False,2.6439259272579347
1777,11.3931,30.3773,15.3324,5.0,0.0,0.973567,,120.0,35.0,35.0,1,120.0,0.0,1.002778676155292,False,3.000479284455201
1778,8.24517,26.8415,16.0944,5.0,0.0,0.825873,,120.0,35.0,35.0,1,120.0,0.0,0.8473792050639894,False,2.6040571690792027
1779,28.6304,25.8673,15.8881,10.0,0.0,0.938863,,120.0,35.0,35.0,1,120.0,0.0,0.973198262085592,False,3.6571110040114494
1780,23.2941,25.8177,18.3451,7.0,0.0,0.877295,,120.0,35.0,35.0,1,120.0,0.0,0.9124474701666508,False,4.006915594714525
1781,22.1485,33.31,18.1639,5.0,0.0,1.13474,,120.0,35.0,35.0,1,120.0,0.0,1.1764385377290627,False,3.674721762611931
1782,18.125,26.9111,17.5446,5.0,0.0,0.886749,,120.0,35.0,35.0,1,120.0,0.0,0.9206587961103267,False,3.8240580040492564
1783,31.9041,19.9305,17.8516,6.0,0.0,0.751561,,120.0,35.0,35.0,1,120.0,0.0,0.7715120264559745,False,2.6546117289181397
1784,34.8375,33.5465,16.2785,10.0,0.0,1.2473,,120.0,35.0,35.0,1,120.0,0.0,1.2955988132858989,False,3.87226916426672
1785,13.9856,33.4231,17.1432,7.0,0.0,1.09366,,120.0,35.0,35.0,1,120.0,0.0,1.126062068673882,False,2.96271863960298
1786,38.0925,26.9754,15.9802,7.0,0.0,1.04103,,120.0,35.0,35.0,1,120.0,0.0,1.0708695120321206,False,2.866345065187425
1787,22.8895,25.0403,15.52,10.0,0.0,0.875129,,120.0,35.0,35.0,1,120.0,0.0,0.909156539851346,False,3.8882884524848325
1788,14.3108,29.2147,18.5195,5.0,0.0,0.936165,,120.0,35.0,35.0,1,120.0,0.0,0.965741658288546,False,3.159342454433347
1789,19.187,19.8283,17.342,9.0,0.0,0.671804,,120.0,35.0,35.0,1,120.0,0.0,0.6981611614762919,False,3.923340956036578
1790,17.322,22.7837,17.4866,5.0,0.0,0.749047,,120.0,35.0,35.0,1,120.0,0.0,0.7790790944799838,False,4.009373841692682
1791,24.4324,34.3858,18.8603,7.0,0.0,1.18462,,120.0,35.0,35.0,1,120.0,0.0,1.228524921529938,False,3.7062451697538514
1792,27.5999,27.6558,17.5378,8.0,0.0,0.97286,,120.0,35.0,35.0,1,120.0,0.0,1.0107930467917696,False,3.899126985565207
1793,26.0244,29.9164,17.5082,5.0,0.0,1.04038,,120.0,35.0,35.0,1,120.0,0.0,1.0824654780756386,False,4.045202529425648
1794,23.0152,36.9861,17.5689,6.0,0.0,1.29071,,120.0,35.0,35.0,1,120.0,0.0,1.3368748618934725,False,3.576702891700883
1795,11.0577,20.3358,17.7057,8.0,0.0,0.632861,,120.0,35.0,35.0,1,120.0,0.0,0.6552154424641146,False,3.5322831497144795
1796,18.4928,20.471,16.2475,8.0,0.0,0.694715,,120.0,35.0,35.0,1,120.0,0.0,0.7219927299594024,False,3.9264633640273314
1797,15.074,13.0856,15.8007,10.0,0.0,0.460007,,120.0,35.0,35.0,1,120.0,0.0,0.4755772366896105,False,3.3847825553981776
1798,31.568,19.8412,16.2936,10.0,0.0,0.765837,,120.0,35.0,35.0,1,120.0,0.0,0.7827214654526422,False,2.204707457676009
1799,19.2966,27.1086,18.633,10.0,0.0,0.893628,,120.0,35.0,35.0,1,120.0,0.0,0.9277076086100372,False,3.8136236342233265
1800,13.1284,25.6178,17.4128,8.0,0.0,0.772994,,60.0,40.0,40.0,1,60.0,0.0,0.8105812086178288,False,4.862548560251287
1801,34.9534,19.322,17.3337,8.0,0.0,0.831678,,60.0,40.0,40.0,1,60.0,0.0,0.8407896042214483,False,1.0955687443275282
1802,13.5978,33.8177,19.0378,10.0,0.0,1.0185,,60.0,40.0,40.0,1,60.0,0.0,1.058042280213454,False,3.8824035555673992
1803,9.0552,20.1532,16.8173,8.0,0.0,0.584522,,60.0,40.0,40.0,1,60.0,0.0,0.6124229594537016,False,4.773295009204381
1804,18.0202,35.9906,18.2459,5.0,0.0,1.14299,,60.0,40.0,40.0,1,60.0,0.0,1.1947020244205784,False,4.524276189693561
1805,16.0924,36.2306,16.4199,6.0,0.0,1.15014,,60.0,40.0,40.0,1,60.0,0.0,1.201569746908139,False,4.471607535442561
1806,39.612,23.0263,16.4556,5.0,0.0,1.00237,,60.0,40.0,40.0,1,60.0,0.0,1.013704718965861,False,1.1307919197363272
1807,23.3535,16.0517,18.3694,9.0,0.0,0.613004,,60.0,40.0,40.0,1,60.0,0.0,0.6326389106518023,False,3.2030640341339276
1808,13.6362,30.956,17.1037,5.0,0.0,0.940654,,60.0,40.0,40.0,1,60.0,0.0,0.9825160356474812,False,4.4503117668644645
1809,26.399,26.819,16.9069,10.0,0.0,0.954117,,60.0,40.0,40.0,1,60.0,0.0,0.9993449171008482,False,4.74029045712928
1810,34.597,27.6838,17.582,6.0,0.0,1.05337,,60.0,40.0,40.0,1,60.0,0.0,1.0967572879438847,False,4.118902944253663
1811,6.92461,19.7185,18.4427,6.0,0.0,0.543713,,60.0,40.0,40.0,1,60.0,0.0,0.5645778153437845,False,3.8374685438428884
1812,13.5335,28.444,17.2021,8.0,0.0,0.861545,,60.0,40.0,40.0,1,60.0,0.0,0.9022565563440428,False,4.7254126417125955
1813,29.0913,19.9642,16.9851,10.0,0.0,0.792814,,60.0,40.0,40.0,1,60.0,0.0,0.8148288086880497,False,2.776793634831086
1814,10.5167,27.3262,16.989,6.0,0.0,0.798045,,60.0,40.0,40.0,1,60.0,0.0,0.8310399743069079,False,4.134475412653158
1815,19.6534,21.9968,18.5921,8.0,0.0,0.727515,,60.0,40.0,40.0,1,60.0,0.0,0.7646724399986253,False,5.107446581668461
1816,9.04087,20.5582,18.0672,5.0,0.0,0.588347,,60.0,40.0,40.0,1,60.0,0.0,0.6147499979068008,False,4.487657438008675
1817,44.5272,16.1905,17.1938,5.0,0.0,0.857384,,60.0,40.0,40.0,1,60.0,0.0,0.816466387254013,False,-4.772378857779833
1818,20.7867,31.7897,16.1762,5.0,0.0,1.05546,,60.0,40.0,40.0,1,60.0,0.0,1.1108455187801671,False,5.247524186626406
1819,6.91143,20.858,17.6755,8.0,0.0,0.576563,,60.0,40.0,40.0,1,60.0,0.0,0.5982336771054731,False,3.758596563683951
1820,12.767,21.4123,17.6509,9.0,0.0,0.651345,,60.0,40.0,40.0,1,60.0,0.0,0.6849844391665066,False,5.1646115601573195
1821,27.2366,30.6352,17.3961,5.0,0.0,1.06981,,60.0,40.0,40.0,1,60.0,0.0,1.1239663150425503,False,5.062236756297882
1822,10.0468,32.3377,16.7852,10.0,0.0,0.948941,,60.0,40.0,40.0,1,60.0,0.0,0.9816094521535942,False,3.4426220548584316
1823,7.65385,21.563,18.0694,10.0,0.0,0.601254,,60.0,40.0,40.0,1,60.0,0.0,0.6246777690834321,False,3.895819251669367
1824,21.3447,29.3668,15.7189,7.0,0.0,0.993144,,60.0,40.0,40.0,1,60.0,0.0,1.0440649158409243,False,5.127243968742124
1825,32.602,30.3429,17.6117,9.0,0.0,1.11252,,60.0,40.0,40.0,1,60.0,0.0,1.164540765558666,False,4.67593980860263
1826,22.8081,27.0387,16.8163,10.0,0.0,0.923226,,60.0,40.0,40.0,1,60.0,0.0,0.9699202094571042,False,5.057722535663449
1827,8.73454,34.3611,17.225,10.0,0.0,0.999637,,60.0,40.0,40.0,1,60.0,0.0,1.0292917041367513,False,2.9665472703342624
1828,23.7786,19.0642,16.1649,8.0,0.0,0.725126,,60.0,40.0,40.0,1,60.0,0.0,0.7509722756149829,False,3.564384067732073
1829,12.2578,25.6906,16.1427,10.0,0.0,0.776047,,60.0,40.0,40.0,1,60.0,0.0,0.8138306173349584,False,4.86872796814605
1830,29.567,17.505,17.0263,8.0,0.0,0.733428,,60.0,40.0,40.0,1,60.0,0.0,0.744920574835809,False,1.5669670145957084
1831,24.9891,36.2351,17.0719,8.0,0.0,1.23773,,60.0,40.0,40.0,1,60.0,0.0,1.302672091647172,False,5.246870613718008
1832,22.4316,18.2237,17.2786,6.0,0.0,0.671887,,60.0,40.0,40.0,1,60.0,0.0,0.6988538246466175,False,4.013595239469953
1833,20.1481,22.039,19.5753,6.0,0.0,0.723606,,60.0,40.0,40.0,1,60.0,0.0,0.7606816373990141,False,5.123732721814648
1834,25.4913,35.046,18.3782,7.0,0.0,1.18219,,60.0,40.0,40.0,1,60.0,0.0,1.2440352165767932,False,5.231410904913178
1835,21.4525,25.7992,17.6151,9.0,0.0,0.86226,,60.0,40.0,40.0,1,60.0,0.0,0.9062935002268532,False,5.106754369546674
1836,25.1897,34.0045,16.9441,8.0,0.0,1.16471,,60.0,40.0,40.0,1,60.0,0.0,1.2258986506991203,False,5.253552446456233
1837,19.3055,29.4408,17.3786,10.0,0.0,0.950413,,60.0,40.0,40.0,1,60.0,0.0,1.0000304915247342,False,5.220624247009908
1838,16.8368,34.6362,17.433,10.0,0.0,1.09192,,60.0,40.0,40.0,1,60.0,0.0,1.1422877693037268,False,4.612771018364603
1839,27.3436,26.8803,18.359,7.0,0.0,0.942796,,60.0,40.0,40.0,1,60.0,0.0,0.9889167584980474,False,4.891912831412885
1840,8.81635,34.6442,18.2977,8.0,0.0,1.00473,,60.0,40.0,40.0,1,60.0,0.0,1.0321402505176642,False,2.7281210392507766
1841,27.8836,28.9303,16.6323,8.0,0.0,1.03757,,60.0,40.0,40.0,1,60.0,0.0,1.0873185438321336,False,4.7947168703926915
1842,14.4625,27.7008,18.2713,7.0,0.0,0.840281,,60.0,40.0,40.0,1,60.0,0.0,0.8805072155766617,False,4.787233744028692
1843,30.3283,36.3669,17.6138,5.0,0.0,1.28905,,60.0,40.0,40.0,1,60.0,0.0,1.3562216993279643,False,5.210945993403227
1844,13.2056,16.3178,16.138,8.0,0.0,0.536269,,60.0,40.0,40.0,1,60.0,0.0,0.5637335807781575,False,5.121418686919718
1845,36.7215,27.0738,18.06,6.0,0.0,1.04744,,60.0,40.0,40.0,1,60.0,0.0,1.0878096387861935,False,3.8541242253679067
1846,13.6986,23.7466,17.5427,8.0,0.0,0.725292,,60.0,40.0,40.0,1,60.0,0.0,0.7621421098404039,False,5.080727464304559
1847,27.1582,25.1285,18.5106,7.0,0.0,0.888518,,60.0,40.0,40.0,1,60.0,0.0,0.930349968386604,False,4.708060881895918
1848,24.1397,34.8788,17.5371,5.0,0.0,1.17453,,60.0,40.0,40.0,1,60.0,0.0,1.2359435028491037,False,5.228772602581767
1849,9.88393,28.1538,18.4176,9.0,0.0,0.80766,,60.0,40.0,40.0,1,60.0,0.0,0.8371934578893374,False,3.656669624512464
1850,10.418,15.5508,17.6929,7.0,0.0,0.475595,,60.0,40.0,40.0,1,60.0,0.0,0.5011467710329571,False,5.372590341142598
1851,12.0865,24.3615,18.2957,8.0,0.0,0.720646,,60.0,40.0,40.0,1,60.0,0.0,0.7548368808991108,False,4.744476608363998
1852,28.1292,20.0187,16.3532,6.0,0.0,0.795588,,60.0,40.0,40.0,1,60.0,0.0,0.8175970662602143,False,2.766389922951876
1853,17.5042,18.5929,18.0234,10.0,0.0,0.622054,,60.0,40.0,40.0,1,60.0,0.0,0.6532890564734644,False,5.021277328570246
1854,14.4085,26.5162,15.6626,8.0,0.0,0.82886,,60.0,40.0,40.0,1,60.0,0.0,0.8714427400357017,False,5.137506941546415
1855,27.7429,25.573,17.3243,7.0,0.0,0.925558,,60.0,40.0,40.0,1,60.0,0.0,0.9671363315767336,False,4.492244848700311
1856,21.4125,36.9448,17.978,5.0,0.0,1.21393,,60.0,40.0,40.0,1,60.0,0.0,1.2730370740677392,False,4.86906774424714
1857,19.3938,33.166,17.5396,6.0,0.0,1.06778,,60.0,40.0,40.0,1,60.0,0.0,1.120917587013102,False,4.9764546079812435
1858,28.6625,23.8188,16.075,8.0,0.0,0.909475,,60.0,40.0,40.0,1,60.0,0.0,0.943763489744318,False,3.770140987307839
1859,19.9282,33.8656,15.9814,9.0,0.0,1.11666,,60.0,40.0,40.0,1,60.0,0.0,1.1741149422365806,False,5.14524942566051
1860,29.5572,35.6645,17.649,7.0,0.0,1.25572,,60.0,40.0,40.0,1,60.0,0.0,1.3211111876377897,False,5.207465648216938
1861,29.0218,23.2813,16.2711,5.0,0.0,0.894777,,60.0,40.0,40.0,1,60.0,0.0,0.9277441175983704,False,3.6843948378613156
1862,19.5407,31.3876,18.8581,6.0,0.0,0.997223,,60.0,40.0,40.0,1,60.0,0.0,1.0472535795852322,False,5.016990140142403
1863,10.1333,28.2201,17.1448,5.0,0.0,0.819464,,60.0,40.0,40.0,1,60.0,0.0,0.851900722042428,False,3.9582851769483445
1864,17.3618,23.981,17.1782,7.0,0.0,0.773424,,60.0,40.0,40.0,1,60.0,0.0,0.8139003447476646,False,5.233396526053574
1865,15.8046,34.3306,16.905,7.0,0.0,1.07591,,60.0,40.0,40.0,1,60.0,0.0,1.124801846776813,False,4.5442320246873
1866,19.7339,32.8101,16.3255,10.0,0.0,1.07472,,60.0,40.0,40.0,1,60.0,0.0,1.1301844319601828,False,5.160826258019104
1867,32.2955,36.8633,16.0795,7.0,0.0,1.35855,,60.0,40.0,40.0,1,60.0,0.0,1.4278645516554682,False,5.102097946742357
1868,18.843,27.0067,17.7088,7.0,0.0,0.869243,,60.0,40.0,40.0,1,60.0,0.0,0.9149690886130342,False,5.2604494500426435
1869,33.8567,19.565,18.9007,9.0,0.0,0.796722,,60.0,40.0,40.0,1,60.0,0.0,0.8150267608416456,False,2.297509148943491
1870,29.0078,27.7352,16.9406,7.0,0.0,1.00808,,60.0,40.0,40.0,1,60.0,0.0,1.054533460066035,False,4.6081124579433075
1871,6.60312,32.2288,18.0307,10.0,0.0,0.903474,,60.0,40.0,40.0,1,60.0,0.0,0.922288468110562,False,2.082458168199857
1872,11.2037,16.4414,17.3253,8.0,0.0,0.508415,,60.0,40.0,40.0,1,60.0,0.0,0.5355972944848884,False,5.3464776776626195
1873,6.49017,34.4519,17.8708,5.0,0.0,0.976942,,60.0,40.0,40.0,1,60.0,0.0,0.9929005908260604,False,1.633524899744349
1874,26.9622,31.3299,16.1418,7.0,0.0,1.11066,,60.0,40.0,40.0,1,60.0,0.0,1.166497665967387,False,5.0274310740809005
1875,24.049,33.3866,19.1937,9.0,0.0,1.10174,,60.0,40.0,40.0,1,60.0,0.0,1.1588960277535467,False,5.187796372424237
1876,23.8563,34.3521,16.7633,6.0,0.0,1.16497,,60.0,40.0,40.0,1,60.0,0.0,1.226228201857631,False,5.258350159886595
1877,18.182,27.153,17.5197,5.0,0.0,0.868762,,60.0,40.0,40.0,1,60.0,0.0,0.9141743606068368,False,5.2272498805008425
1878,13.3424,21.8779,16.8814,5.0,0.0,0.675979,,60.0,40.0,40.0,1,60.0,0.0,0.7114867835703994,False,5.252793884188622
1879,34.7057,30.0022,17.4551,8.0,0.0,1.12689,,60.0,40.0,40.0,1,60.0,0.0,1.176577773872144,False,4.409283414720511
1880,11.0374,34.1125,17.0063,6.0,0.0,1.01668,,60.0,40.0,40.0,1,60.0,0.0,1.0523369183130302,False,3.5071918708964667
1881,13.5028,28.517,18.2966,7.0,0.0,0.854919,,60.0,40.0,40.0,1,60.0,0.0,0.8935869492100924,False,4.522995653400196
1882,24.893,32.2921,16.8768,5.0,0.0,1.10607,,60.0,40.0,40.0,1,60.0,0.0,1.163445849567862,False,5.187361520325276
1883,7.40804,28.6665,16.2144,10.0,0.0,0.808624,,60.0,40.0,40.0,1,60.0,0.0,0.8363622095692379,False,3.4302975881544318
1884,14.7134,21.6835,16.0458,5.0,0.0,0.693671,,60.0,40.0,40.0,1,60.0,0.0,0.7299861410480438,False,5.235211079610331
1885,38.7994,36.6807,18.4697,5.0,0.0,1.36959,,60.0,40.0,40.0,1,60.0,0.0,1.4376079587272284,False,4.96630077083129
1886,40.541,20.9432,17.8604,5.0,0.0,0.920787,,60.0,40.0,40.0,1,60.0,0.0,0.9276773264385072,False,0.748308396893872
1887,20.6634,22.3007,18.0456,8.0,0.0,0.751706,,60.0,40.0,40.0,1,60.0,0.0,0.7895290897301255,False,5.031633342041369
1888,8.1515,23.3607,17.5026,5.0,0.0,0.657688,,60.0,40.0,40.0,1,60.0,0.0,0.6833886498172325,False,3.9077267362689314
1889,24.9301,35.5085,17.9317,8.0,0.0,1.19884,,60.0,40.0,40.0,1,60.0,0.0,1.2614289654014887,False,5.220793884212142
1890,17.8941,16.8236,16.3608,10.0,0.0,0.598915,,60.0,40.0,40.0,1,60.0,0.0,0.6251512533421563,False,4.380630530568827
1891,25.6543,20.429,17.785,7.0,0.0,0.755716,,60.0,40.0,40.0,1,60.0,0.0,0.7864351558503104,False,4.064907432198124
1892,11.3252,36.2033,16.9543,6.0,0.0,1.09281,,60.0,40.0,40.0,1,60.0,0.0,1.1291299912678625,False,3.3235412622379417
1893,15.9755,25.857,17.0254,8.0,0.0,0.813212,,60.0,40.0,40.0,1,60.0,0.0,0.8556412670380901,False,5.217491507514648
1894,27.9374,28.9075,17.3195,9.0,0.0,1.02536,,60.0,40.0,40.0,1,60.0,0.0,1.0756782348959557,False,4.907372522426821
1895,36.9559,27.566,17.8326,9.0,0.0,1.06895,,60.0,40.0,40.0,1,60.0,0.0,1.1102995465979564,False,3.868239543286057
1896,8.12137,31.0353,16.7798,5.0,0.0,0.886553,,60.0,40.0,40.0,1,60.0,0.0,0.9155921150495896,False,3.275508068845242
1897,14.3305,25.8613,19.3141,5.0,0.0,0.777787,,60.0,40.0,40.0,1,60.0,0.0,0.8152529219851614,False,4.816989996639364
1898,7.51064,31.6992,19.1885,9.0,0.0,0.890961,,60.0,40.0,40.0,1,60.0,0.0,0.912135789703603,False,2.3766236348844654
1899,8.07638,31.7181,15.5764,10.0,0.0,0.914501,,60.0,40.0,40.0,1,60.0,0.0,0.9459894403614733,False,3.4432373897320225
1900,29.0853,28.2822,17.105,5.0,0.0,1.02247,,60.0,40.0,40.0,1,60.0,0.0,1.0702004700761285,False,4.668153596303903
1901,36.1905,28.4671,16.7182,6.0,0.0,1.11242,,60.0,40.0,40.0,1,60.0,0.0,1.1551625636646623,False,3.842304495124354
1902,21.8003,16.3633,18.0516,5.0,0.0,0.609157,,60.0,40.0,40.0,1,60.0,0.0,0.6311840009040601,False,3.615980921841197
1903,36.9982,31.6227,18.0423,10.0,0.0,1.18891,,60.0,40.0,40.0,1,60.0,0.0,1.2427475641231698,False,4.528312834711616
1904,9.30204,28.5402,16.7196,9.0,0.0,0.822787,,60.0,40.0,40.0,1,60.0,0.0,0.8534684580761819,False,3.728967287546088
1905,27.8525,27.1768,16.8957,5.0,0.0,0.981111,,60.0,40.0,40.0,1,60.0,0.0,1.025671538582963,False,4.541844764044328
1906,21.8351,22.3014,16.7952,10.0,0.0,0.779899,,60.0,40.0,40.0,1,60.0,0.0,0.8164931225939766,False,4.6921617535061
1907,23.0273,35.0209,19.8825,10.0,0.0,1.13993,,60.0,40.0,40.0,1,60.0,0.0,1.1962214793323396,False,4.938152284117399
1908,19.4818,22.2171,15.9721,6.0,0.0,0.763009,,60.0,40.0,40.0,1,60.0,0.0,0.8002130598331684,False,4.875966054550906
1909,30.4519,20.6984,16.5825,10.0,0.0,0.834806,,60.0,40.0,40.0,1,60.0,0.0,0.8560373208718506,False,2.543264048395739
1910,17.8534,21.9307,16.8537,6.0,0.0,0.726135,,60.0,40.0,40.0,1,60.0,0.0,0.7631893260599645,False,5.10295276497683
1911,45.6743,32.4054,15.2403,9.0,0.0,1.38748,,60.0,40.0,40.0,1,60.0,0.0,1.424412910206775,False,2.6618697355475414
1912,24.7842,22.1188,15.926,10.0,0.0,0.821614,,60.0,40.0,40.0,1,60.0,0.0,0.8550953785256398,False,4.075074003807119
1913,13.8509,17.6446,16.119,5.0,0.0,0.5774,,60.0,40.0,40.0,1,60.0,0.0,0.6070545250007245,False,5.135872012595171
1914,7.35543,24.7837,18.3302,6.0,0.0,0.685648,,60.0,40.0,40.0,1,60.0,0.0,0.7103169425369894,False,3.597901917162942
1915,16.3181,29.4307,18.0062,9.0,0.0,0.913039,,60.0,40.0,40.0,1,60.0,0.0,0.9576763119314032,False,4.888872428385117
1916,17.1009,31.553,17.4829,7.0,0.0,0.992442,,60.0,40.0,40.0,1,60.0,0.0,1.0406626588374237,False,4.858788608041946
1917,22.1658,34.5972,17.8083,5.0,0.0,1.14103,,60.0,40.0,40.0,1,60.0,0.0,1.1991453422263525,False,5.0932352546692465
1918,40.6661,23.8511,18.3754,5.0,0.0,0.98964,,60.0,40.0,40.0,1,60.0,0.0,1.0116445139649948,False,2.2234867189073615
1919,19.3478,20.0762,17.991,10.0,0.0,0.679654,,60.0,40.0,40.0,1,60.0,0.0,0.7132897278403245,False,4.948948706301226
1920,29.2571,17.1823,18.1023,7.0,0.0,0.70316,,60.0,40.0,40.0,1,60.0,0.0,0.717612950912965,False,2.0554284818483626
1921,8.84504,34.5814,17.5104,5.0,0.0,1.00677,,60.0,40.0,40.0,1,60.0,0.0,1.036182019178408,False,2.921423878185481
1922,18.279,18.6382,16.7521,7.0,0.0,0.644972,,60.0,40.0,40.0,1,60.0,0.0,0.6752067294826836,False,4.687758458147575
1923,11.8876,29.8205,16.7617,10.0,0.0,0.889353,,60.0,40.0,40.0,1,60.0,0.0,0.9269474496656656,False,4.227168477046303
1924,13.1989,22.3784,16.5708,6.0,0.0,0.690626,,60.0,40.0,40.0,1,60.0,0.0,0.7267837265971637,False,5.235500342756248
1925,19.5625,15.7176,17.5863,6.0,0.0,0.575632,,60.0,40.0,40.0,1,60.0,0.0,0.5977949874956259,False,3.8502007351269283
1926,28.6302,19.3746,16.4694,10.0,0.0,0.782065,,60.0,40.0,40.0,1,60.0,0.0,0.8014380431667253,False,2.4771653464514176
1927,11.3931,30.3773,15.3324,6.0,0.0,0.912721,,60.0,40.0,40.0,1,60.0,0.0,0.952000714209473,False,4.303583922082757
1928,8.24517,26.8415,16.0944,7.0,0.0,0.764586,,60.0,40.0,40.0,1,60.0,0.0,0.79282349796519,False,3.693174863938137
1929,28.6304,25.8673,15.8881,5.0,0.0,0.9705,,60.0,40.0,40.0,1,60.0,0.0,1.010759398483439,False,4.148315145125097
1930,23.2941,25.8177,18.3451,6.0,0.0,0.872222,,60.0,40.0,40.0,1,60.0,0.0,0.9164904498225428,False,5.0753649670087135
1931,22.1485,33.31,18.1639,7.0,0.0,1.09312,,60.0,40.0,40.0,1,60.0,0.0,1.149331842904669,False,5.142330476495624
1932,18.125,26.9111,17.5446,10.0,0.0,0.860839,,60.0,40.0,40.0,1,60.0,0.0,0.9058964414947026,False,5.234131062219833
1933,31.9041,19.9305,17.8516,9.0,0.0,0.805547,,60.0,40.0,40.0,1,60.0,0.0,0.8255916167769424,False,2.488323682782303
1934,34.8375,33.5465,16.2785,7.0,0.0,1.2676,,60.0,40.0,40.0,1,60.0,0.0,1.3265196734991995,False,4.648128234395666
1935,13.9856,33.4231,17.1432,7.0,0.0,1.02356,,60.0,40.0,40.0,1,60.0,0.0,1.0671302625557089,False,4.256737519608898
1936,38.0925,26.9754,15.9802,7.0,0.0,1.10838,,60.0,40.0,40.0,1,60.0,0.0,1.139186185488405,False,2.779388430719155
1937,22.8895,25.0403,15.52,8.0,0.0,0.887424,,60.0,40.0,40.0,1,60.0,0.0,0.9289524487024664,False,4.679662562931182
1938,14.3108,29.2147,18.5195,6.0,0.0,0.882296,,60.0,40.0,40.0,1,60.0,0.0,0.9226799378951598,False,4.577141672994077
1939,19.187,19.8283,17.342,5.0,0.0,0.678758,,60.0,40.0,40.0,1,60.0,0.0,0.7115255869613124,False,4.827580221715609
1940,17.322,22.7837,17.4866,9.0,0.0,0.736812,,60.0,40.0,40.0,1,60.0,0.0,0.7751369973328566,False,5.201462154912861
1941,24.4324,34.3858,18.8603,8.0,0.0,1.143,,60.0,40.0,40.0,1,60.0,0.0,1.2022291159450849,False,5.18189990770646
1942,27.5999,27.6558,17.5378,7.0,0.0,0.981511,,60.0,40.0,40.0,1,60.0,0.0,1.02817942001255,False,4.75475262249226
1943,26.0244,29.9164,17.5082,6.0,0.0,1.03313,,60.0,40.0,40.0,1,60.0,0.0,1.08549496913593,False,5.068575023078393
1944,23.0152,36.9861,17.5689,7.0,0.0,1.23692,,60.0,40.0,40.0,1,60.0,0.0,1.2991877255705218,False,5.03409481377306
1945,11.0577,20.3358,17.7057,8.0,0.0,0.604878,,60.0,40.0,40.0,1,60.0,0.0,0.6351721085605593,False,5.008300609471538
1946,18.4928,20.471,16.2475,9.0,0.0,0.701471,,60.0,40.0,40.0,1,60.0,0.0,0.7353957804878966,False,4.836234211805849
1947,15.074,13.0856,15.8007,6.0,0.0,0.482007,,60.0,40.0,40.0,1,60.0,0.0,0.4993530795207755,False,3.5987194212481337
1948,31.568,19.8412,16.2936,8.0,0.0,0.830738,,60.0,40.0,40.0,1,60.0,0.0,0.8449834096183942,False,1.7147896952341493
1949,19.2966,27.1086,18.633,10.0,0.0,0.867066,,60.0,40.0,40.0,1,60.0,0.0,0.9123888293461928,False,5.227148722956823
1950,13.1284,25.6178,17.4128,7.0,0.0,0.736499,,80.0,40.0,40.0,1,80.0,0.0,0.7705954939210369,False,4.629537028704298
1951,34.9534,19.322,17.3337,7.0,0.0,0.753262,,80.0,40.0,40.0,1,80.0,0.0,0.7642001177904504,False,1.4521000382935019
1952,13.5978,33.8177,19.0378,9.0,0.0,0.979628,,80.0,40.0,40.0,1,80.0,0.0,1.020256399089024,False,4.14732930143116
1953,9.0552,20.1532,16.8173,6.0,0.0,0.557977,,80.0,40.0,40.0,1,80.0,0.0,0.5823905045128398,False,4.375360366617237
1954,18.0202,35.9906,18.2459,5.0,0.0,1.09308,,80.0,40.0,40.0,1,80.0,0.0,1.1388671653907532,False,4.188821073549339
1955,16.0924,36.2306,16.4199,7.0,0.0,1.10035,,80.0,40.0,40.0,1,80.0,0.0,1.146067958541976,False,4.154856049618397
1956,39.612,23.0263,16.4556,9.0,0.0,0.908211,,80.0,40.0,40.0,1,80.0,0.0,0.921994370478018,False,1.5176396760244075
1957,23.3535,16.0517,18.3694,9.0,0.0,0.562286,,80.0,40.0,40.0,1,80.0,0.0,0.5802526393505023,False,3.195284846235254
1958,13.6362,30.956,17.1037,5.0,0.0,0.900045,,80.0,40.0,40.0,1,80.0,0.0,0.9373015642376756,False,4.139411278066724
1959,26.399,26.819,16.9069,6.0,0.0,0.888821,,80.0,40.0,40.0,1,80.0,0.0,0.9304433286880192,False,4.68286963157027
1960,34.597,27.6838,17.582,6.0,0.0,0.973443,,80.0,40.0,40.0,1,80.0,0.0,1.0130427763646717,False,4.068011826544719
1961,6.92461,19.7185,18.4427,9.0,0.0,0.522988,,80.0,40.0,40.0,1,80.0,0.0,0.5445893841322567,False,4.130378542577774
1962,13.5335,28.444,17.2021,6.0,0.0,0.822558,,80.0,40.0,40.0,1,80.0,0.0,0.8581899141962517,False,4.3318421553558135
1963,29.0913,19.9642,16.9851,10.0,0.0,0.72505,,80.0,40.0,40.0,1,80.0,0.0,0.7464196774645964,False,2.9473384545336727
1964,10.5167,27.3262,16.989,10.0,0.0,0.765421,,80.0,40.0,40.0,1,80.0,0.0,0.7955523195212317,False,3.9365681789801577
1965,19.6534,21.9968,18.5921,9.0,0.0,0.682089,,80.0,40.0,40.0,1,80.0,0.0,0.7159741665855112,False,4.967851202044193
1966,9.04087,20.5582,18.0672,6.0,0.0,0.562941,,80.0,40.0,40.0,1,80.0,0.0,0.5864018410177414,False,4.1675488226548385
1967,44.5272,16.1905,17.1938,9.0,0.0,0.760678,,80.0,40.0,40.0,1,80.0,0.0,0.7340223203086967,False,-3.5042001597657912
1968,20.7867,31.7897,16.1762,8.0,0.0,0.997146,,80.0,40.0,40.0,1,80.0,0.0,1.046665249680835,False,4.966098212381647
1969,6.91143,20.858,17.6755,9.0,0.0,0.554803,,80.0,40.0,40.0,1,80.0,0.0,0.5773593033777199,False,4.065641926543269
1970,12.767,21.4123,17.6509,7.0,0.0,0.617832,,80.0,40.0,40.0,1,80.0,0.0,0.6480412254935919,False,4.889553388881093
1971,27.2366,30.6352,17.3961,6.0,0.0,1.003,,80.0,40.0,40.0,1,80.0,0.0,1.0519524347999205,False,4.880601674967161
1972,10.0468,32.3377,16.7852,8.0,0.0,0.914495,,80.0,40.0,40.0,1,80.0,0.0,0.949351631009276,False,3.8115715240953807
1973,7.65385,21.563,18.0694,8.0,0.0,0.578058,,80.0,40.0,40.0,1,80.0,0.0,0.602314191120442,False,4.196151791073229
1974,21.3447,29.3668,15.7189,5.0,0.0,0.933616,,80.0,40.0,40.0,1,80.0,0.0,0.980258296774336,False,4.995875903405249
1975,32.602,30.3429,17.6117,5.0,0.0,1.03552,,80.0,40.0,40.0,1,80.0,0.0,1.0832794497920144,False,4.6121223918431715
1976,22.8081,27.0387,16.8163,8.0,0.0,0.86503,,80.0,40.0,40.0,1,80.0,0.0,0.9075891828301558,False,4.919966108707883
1977,8.73454,34.3611,17.225,9.0,0.0,0.967475,,80.0,40.0,40.0,1,80.0,0.0,0.9955052817436052,False,2.8972616081661258
1978,23.7786,19.0642,16.1649,6.0,0.0,0.666361,,80.0,40.0,40.0,1,80.0,0.0,0.6897463423088784,False,3.5094104110052142
1979,12.2578,25.6906,16.1427,8.0,0.0,0.73933,,80.0,40.0,40.0,1,80.0,0.0,0.7735973878256368,False,4.634924570305109
1980,29.567,17.505,17.0263,9.0,0.0,0.665806,,80.0,40.0,40.0,1,80.0,0.0,0.677944830020833,False,1.8231782262149838
1981,24.9891,36.2351,17.0719,9.0,0.0,1.17121,,80.0,40.0,40.0,1,80.0,0.0,1.2288472821525491,False,4.9211740125638475
1982,22.4316,18.2237,17.2786,6.0,0.0,0.619616,,80.0,40.0,40.0,1,80.0,0.0,0.6438761023979048,False,3.915344729300871
1983,20.1481,22.039,19.5753,7.0,0.0,0.679137,,80.0,40.0,40.0,1,80.0,0.0,0.7131275564545185,False,5.004963130343147
1984,25.4913,35.046,18.3782,5.0,0.0,1.11897,,80.0,40.0,40.0,1,80.0,0.0,1.173968909173807,False,4.915137061208701
1985,21.4525,25.7992,17.6151,7.0,0.0,0.809485,,80.0,40.0,40.0,1,80.0,0.0,0.8499259566100806,False,4.995887089949861
1986,25.1897,34.0045,16.9441,10.0,0.0,1.09859,,80.0,40.0,40.0,1,80.0,0.0,1.153057229382623,False,4.957921461384405
1987,19.3055,29.4408,17.3786,9.0,0.0,0.899656,,80.0,40.0,40.0,1,80.0,0.0,0.9438660786937144,False,4.914109247725175
1988,16.8368,34.6362,17.433,9.0,0.0,1.04351,,80.0,40.0,40.0,1,80.0,0.0,1.0878424543099414,False,4.248397649274227
1989,27.3436,26.8803,18.359,10.0,0.0,0.880003,,80.0,40.0,40.0,1,80.0,0.0,0.9222711233122236,False,4.803179456459084
1990,8.81635,34.6442,18.2977,10.0,0.0,0.973253,,80.0,40.0,40.0,1,80.0,0.0,1.000125492068141,False,2.761100358091988
1991,27.8836,28.9303,16.6323,8.0,0.0,0.967293,,80.0,40.0,40.0,1,80.0,0.0,1.013022316455921,False,4.727555813587086
1992,14.4625,27.7008,18.2713,9.0,0.0,0.801489,,80.0,40.0,40.0,1,80.0,0.0,0.8368864062186919,False,4.416455649259306
1993,30.3283,36.3669,17.6138,6.0,0.0,1.21357,,80.0,40.0,40.0,1,80.0,0.0,1.27412781266105,False,4.990055181081435
1994,13.2056,16.3178,16.138,5.0,0.0,0.501682,,80.0,40.0,40.0,1,80.0,0.0,0.5265879123893787,False,4.964481960560431
1995,36.7215,27.0738,18.06,7.0,0.0,0.965468,,80.0,40.0,40.0,1,80.0,0.0,1.0018981948903196,False,3.7733197672340903
1996,13.6986,23.7466,17.5427,9.0,0.0,0.688725,,80.0,40.0,40.0,1,80.0,0.0,0.7218891282821303,False,4.815293227649675
1997,27.1582,25.1285,18.5106,7.0,0.0,0.827286,,80.0,40.0,40.0,1,80.0,0.0,0.8658001993433624,False,4.655487865546186
1998,24.1397,34.8788,17.5371,7.0,0.0,1.11176,,80.0,40.0,40.0,1,80.0,0.0,1.1663907578547392,False,4.913898490208241
1999,9.88393,28.1538,18.4176,8.0,0.0,0.777487,,80.0,40.0,40.0,1,80.0,0.0,0.8084732516199429,False,3.9854366207978833
2000,10.418,15.5508,17.6929,6.0,0.0,0.449294,,80.0,40.0,40.0,1,80.0,0.0,0.471826824411813,False,5.0151625465314424
2001,12.0865,24.3615,18.2957,5.0,0.0,0.687977,,80.0,40.0,40.0,1,80.0,0.0,0.7179032560124564,False,4.349891931337307
2002,28.1292,20.0187,16.3532,5.0,0.0,0.72754,,80.0,40.0,40.0,1,80.0,0.0,0.748924526514034,False,2.9392922057940454
2003,17.5042,18.5929,18.0234,5.0,0.0,0.581136,,80.0,40.0,40.0,1,80.0,0.0,0.6095895552934447,False,4.896195605408154
2004,14.4085,26.5162,15.6626,6.0,0.0,0.786165,,80.0,40.0,40.0,1,80.0,0.0,0.8244503783677491,False,4.869890972982662
2005,27.7429,25.573,17.3243,6.0,0.0,0.859405,,80.0,40.0,40.0,1,80.0,0.0,0.8977495247865358,False,4.46175258307036
2006,21.4125,36.9448,17.978,7.0,0.0,1.15643,,80.0,40.0,40.0,1,80.0,0.0,1.2100246712749434,False,4.6344933350867175
2007,19.3938,33.166,17.5396,5.0,0.0,1.01511,,80.0,40.0,40.0,1,80.0,0.0,1.0633325728440728,False,4.750477568349522
2008,28.6625,23.8188,16.075,7.0,0.0,0.837645,,80.0,40.0,40.0,1,80.0,0.0,0.8687446906135676,False,3.7127530891448832
2009,19.9282,33.8656,15.9814,10.0,0.0,1.05892,,80.0,40.0,40.0,1,80.0,0.0,1.1105175242646397,False,4.87265556082042
2010,29.5572,35.6645,17.649,9.0,0.0,1.18223,,80.0,40.0,40.0,1,80.0,0.0,1.241188756110685,False,4.987080019174359
2011,29.0218,23.2813,16.2711,9.0,0.0,0.823145,,80.0,40.0,40.0,1,80.0,0.0,0.8526439065305401,False,3.5836828906863434
2012,19.5407,31.3876,18.8581,6.0,0.0,0.948421,,80.0,40.0,40.0,1,80.0,0.0,0.9933380352946546,False,4.735980676793812
2013,10.1333,28.2201,17.1448,6.0,0.0,0.787375,,80.0,40.0,40.0,1,80.0,0.0,0.8209948952107615,False,4.2698707999062036
2014,17.3618,23.981,17.1782,8.0,0.0,0.728732,,80.0,40.0,40.0,1,80.0,0.0,0.7650875949910763,False,4.988884115295638
2015,15.8046,34.3306,16.905,8.0,0.0,1.02844,,80.0,40.0,40.0,1,80.0,0.0,1.0719527953983825,False,4.23095128528475
2016,19.7339,32.8101,16.3255,7.0,0.0,1.01858,,80.0,40.0,40.0,1,80.0,0.0,1.0686545218192214,False,4.916110842469059
2017,32.2955,36.8633,16.0795,5.0,0.0,1.273,,80.0,40.0,40.0,1,80.0,0.0,1.3356863574797218,False,4.924301451667073
2018,18.843,27.0067,17.7088,8.0,0.0,0.821288,,80.0,40.0,40.0,1,80.0,0.0,0.8618799474782978,False,4.94247419642047
2019,33.8567,19.565,18.9007,7.0,0.0,0.726307,,80.0,40.0,40.0,1,80.0,0.0,0.7441890930112932,False,2.462057093115332
2020,29.0078,27.7352,16.9406,6.0,0.0,0.937408,,80.0,40.0,40.0,1,80.0,0.0,0.9798881224269964,False,4.531657765561675
2021,6.60312,32.2288,18.0307,5.0,0.0,0.877111,,80.0,40.0,40.0,1,80.0,0.0,0.8973963220705957,False,2.312742864996078
2022,11.2037,16.4414,17.3253,6.0,0.0,0.479731,,80.0,40.0,40.0,1,80.0,0.0,0.5038339950753074,False,5.024272993679235
2023,6.49017,34.4519,17.8708,10.0,0.0,0.949558,,80.0,40.0,40.0,1,80.0,0.0,0.9689702961726846,False,2.0443507582143043
2024,26.9622,31.3299,16.1418,8.0,0.0,1.03949,,80.0,40.0,40.0,1,80.0,0.0,1.0902604312105713,False,4.8841673523142335
2025,24.049,33.3866,19.1937,8.0,0.0,1.04405,,80.0,40.0,40.0,1,80.0,0.0,1.0951863274339058,False,4.897881081739939
2026,23.8563,34.3521,16.7633,8.0,0.0,1.10086,,80.0,40.0,40.0,1,80.0,0.0,1.1551916299861642,False,4.935380519427017
2027,18.182,27.153,17.5197,8.0,0.0,0.821654,,80.0,40.0,40.0,1,80.0,0.0,0.862159279723403,False,4.929724643633818
2028,13.3424,21.8779,16.8814,9.0,0.0,0.639926,,80.0,40.0,40.0,1,80.0,0.0,0.6715305503089085,False,4.938782032439457
2029,34.7057,30.0022,17.4551,6.0,0.0,1.04526,,80.0,40.0,40.0,1,80.0,0.0,1.0909419903202289,False,4.370394956300709
2030,11.0374,34.1125,17.0063,9.0,0.0,0.979856,,80.0,40.0,40.0,1,80.0,0.0,1.0174300781491028,False,3.834653066277377
2031,13.5028,28.517,18.2966,8.0,0.0,0.817589,,80.0,40.0,40.0,1,80.0,0.0,0.8518253654881752,False,4.187478731755835
2032,24.893,32.2921,16.8768,7.0,0.0,1.04122,,80.0,40.0,40.0,1,80.0,0.0,1.093078872090931,False,4.9805873966050385
2033,7.40804,28.6665,16.2144,8.0,0.0,0.780957,,80.0,40.0,40.0,1,80.0,0.0,0.8075694935710042,False,3.407677192342747
2034,14.7134,21.6835,16.0458,6.0,0.0,0.653289,,80.0,40.0,40.0,1,80.0,0.0,0.6860046131922621,False,5.007831632288639
2035,38.7994,36.6807,18.4697,7.0,0.0,1.27999,,80.0,40.0,40.0,1,80.0,0.0,1.3425452870503063,False,4.887169981820665
2036,40.541,20.9432,17.8604,7.0,0.0,0.832698,,80.0,40.0,40.0,1,80.0,0.0,0.8421565650085115,False,1.1358938064594246
2037,20.6634,22.3007,18.0456,8.0,0.0,0.703058,,80.0,40.0,40.0,1,80.0,0.0,0.7375270007158478,False,4.902725054810244
2038,8.1515,23.3607,17.5026,8.0,0.0,0.632228,,80.0,40.0,40.0,1,80.0,0.0,0.6588519044529512,False,4.211123906715797
2039,24.9301,35.5085,17.9317,6.0,0.0,1.13526,,80.0,40.0,40.0,1,80.0,0.0,1.190993537990485,False,4.9093192740416365
2040,17.8941,16.8236,16.3608,9.0,0.0,0.554473,,80.0,40.0,40.0,1,80.0,0.0,0.5784895686739824,False,4.331422571339341
2041,25.6543,20.429,17.785,10.0,0.0,0.697385,,80.0,40.0,40.0,1,80.0,0.0,0.7250503035792857,False,3.96700582594774
2042,11.3252,36.2033,16.9543,8.0,0.0,1.05382,,80.0,40.0,40.0,1,80.0,0.0,1.092859666694476,False,3.704585858540938
2043,15.9755,25.857,17.0254,7.0,0.0,0.770185,,80.0,40.0,40.0,1,80.0,0.0,0.8080476200128919,False,4.916042251263251
2044,27.9374,28.9075,17.3195,8.0,0.0,0.95731,,80.0,40.0,40.0,1,80.0,0.0,1.0033377597084554,False,4.808030805951615
2045,36.9559,27.566,17.8326,7.0,0.0,0.985928,,80.0,40.0,40.0,1,80.0,0.0,1.022687537794365,False,3.728420107184796
2046,8.12137,31.0353,16.7798,6.0,0.0,0.85675,,80.0,40.0,40.0,1,80.0,0.0,0.8847684076382551,False,3.2703131179755047
2047,14.3305,25.8613,19.3141,10.0,0.0,0.741594,,80.0,40.0,40.0,1,80.0,0.0,0.7746275741267821,False,4.454401482048411
2048,7.51064,31.6992,19.1885,9.0,0.0,0.864008,,80.0,40.0,40.0,1,80.0,0.0,0.8861330367680343,False,2.5607444338518097
2049,8.07638,31.7181,15.5764,9.0,0.0,0.88315,,80.0,40.0,40.0,1,80.0,0.0,0.9133468191366448,False,3.4192174757000338
2050,29.0853,28.2822,17.105,8.0,0.0,0.951649,,80.0,40.0,40.0,1,80.0,0.0,0.9955660520190588,False,4.6148371951274925
2051,36.1905,28.4671,16.7182,5.0,0.0,1.0253,,80.0,40.0,40.0,1,80.0,0.0,1.0637940199584912,False,3.7544152890364875
2052,21.8003,16.3633,18.0516,6.0,0.0,0.559662,,80.0,40.0,40.0,1,80.0,0.0,0.580623089784369,False,3.7453123107105823
2053,36.9982,31.6227,18.0423,10.0,0.0,1.10441,,80.0,40.0,40.0,1,80.0,0.0,1.1537813721327712,False,4.47038438014608
2054,9.30204,28.5402,16.7196,8.0,0.0,0.791742,,80.0,40.0,40.0,1,80.0,0.0,0.8237563495613262,False,4.04353306523163
2055,27.8525,27.1768,16.8957,10.0,0.0,0.911877,,80.0,40.0,40.0,1,80.0,0.0,0.9535779448855196,False,4.57308879218574
2056,21.8351,22.3014,16.7952,10.0,0.0,0.725796,,80.0,40.0,40.0,1,80.0,0.0,0.7594703033867097,False,4.639637499615558
2057,23.0273,35.0209,19.8825,9.0,0.0,1.08465,,80.0,40.0,40.0,1,80.0,0.0,1.1355725142527349,False,4.694833748465863
2058,19.4818,22.2171,15.9721,7.0,0.0,0.711773,,80.0,40.0,40.0,1,80.0,0.0,0.7459583403286768,False,4.802843087427708
2059,30.4519,20.6984,16.5825,10.0,0.0,0.762329,,80.0,40.0,40.0,1,80.0,0.0,0.7830764291529562,False,2.721584663964788
2060,17.8534,21.9307,16.8537,5.0,0.0,0.680661,,80.0,40.0,40.0,1,80.0,0.0,0.7144308132915975,False,4.961326312451803
2061,45.6743,32.4054,15.2403,7.0,0.0,1.26765,,80.0,40.0,40.0,1,80.0,0.0,1.3047963878760704,False,2.930334704064253
2062,24.7842,22.1188,15.926,9.0,0.0,0.758532,,80.0,40.0,40.0,1,80.0,0.0,0.7888823931932112,False,4.001201425017165
2063,13.8509,17.6446,16.119,8.0,0.0,0.540806,,80.0,40.0,40.0,1,80.0,0.0,0.5676937568440776,False,4.971793368431125
2064,7.35543,24.7837,18.3302,8.0,0.0,0.661762,,80.0,40.0,40.0,1,80.0,0.0,0.6852929486892692,False,3.5558023412146955
2065,16.3181,29.4307,18.0062,7.0,0.0,0.869412,,80.0,40.0,40.0,1,80.0,0.0,0.9098684094513436,False,4.6533069995978495
2066,17.1009,31.553,17.4829,6.0,0.0,0.945117,,80.0,40.0,40.0,1,80.0,0.0,0.9889597775935264,False,4.638873027733751
2067,22.1658,34.5972,17.8083,9.0,0.0,1.08298,,80.0,40.0,40.0,1,80.0,0.0,1.1352572691203655,False,4.827168472212364
2068,40.6661,23.8511,18.3754,7.0,0.0,0.901873,,80.0,40.0,40.0,1,80.0,0.0,0.9239555007313855,False,2.4485155594396892
2069,19.3478,20.0762,17.991,8.0,0.0,0.634432,,80.0,40.0,40.0,1,80.0,0.0,0.6651967902008193,False,4.849186390475157
2070,29.2571,17.1823,18.1023,8.0,0.0,0.639998,,80.0,40.0,40.0,1,80.0,0.0,0.654357329528191,False,2.2436522501931377
2071,8.84504,34.5814,17.5104,5.0,0.0,0.974539,,80.0,40.0,40.0,1,80.0,0.0,1.002604996022461,False,2.8799253824075755
2072,18.279,18.6382,16.7521,8.0,0.0,0.599827,,80.0,40.0,40.0,1,80.0,0.0,0.6275714075532751,False,4.625401583002285
2073,11.8876,29.8205,16.7617,9.0,0.0,0.852375,,80.0,40.0,40.0,1,80.0,0.0,0.8864380323008577,False,3.9962495733518373
2074,13.1989,22.3784,16.5708,6.0,0.0,0.654134,,80.0,40.0,40.0,1,80.0,0.0,0.6863782144960189,False,4.929298048414986
2075,19.5625,15.7176,17.5863,9.0,0.0,0.52973,,80.0,40.0,40.0,1,80.0,0.0,0.5507015281130399,False,3.958908899446853
2076,28.6302,19.3746,16.4694,6.0,0.0,0.713623,,80.0,40.0,40.0,1,80.0,0.0,0.7323030232700336,False,2.6176318966784415
2077,11.3931,30.3773,15.3324,6.0,0.0,0.874287,,80.0,40.0,40.0,1,80.0,0.0,0.9096409135148388,False,4.043742331161133
2078,8.24517,26.8415,16.0944,10.0,0.0,0.735891,,80.0,40.0,40.0,1,80.0,0.0,0.7654344946784946,False,4.014656338845644
2079,28.6304,25.8673,15.8881,9.0,0.0,0.897153,,80.0,40.0,40.0,1,80.0,0.0,0.9341044813241748,False,4.1187491235246165
2080,23.2941,25.8177,18.3451,7.0,0.0,0.817618,,80.0,40.0,40.0,1,80.0,0.0,0.8580205141555914,False,4.9414902993319
2081,22.1485,33.31,18.1639,9.0,0.0,1.03664,,80.0,40.0,40.0,1,80.0,0.0,1.0871242777095105,False,4.869991290082427
2082,18.125,26.9111,17.5446,10.0,0.0,0.81401,,80.0,40.0,40.0,1,80.0,0.0,0.8541626383167125,False,4.93269595173431
2083,31.9041,19.9305,17.8516,8.0,0.0,0.735133,,80.0,40.0,40.0,1,80.0,0.0,0.7544547388768587,False,2.6283324074498924
2084,34.8375,33.5465,16.2785,9.0,0.0,1.17916,,80.0,40.0,40.0,1,80.0,0.0,1.233048889533371,False,4.570108342665213
2085,13.9856,33.4231,17.1432,10.0,0.0,0.9815,,80.0,40.0,40.0,1,80.0,0.0,1.0204989155931667,False,3.973399449125492
2086,38.0925,26.9754,15.9802,9.0,0.0,1.01358,,80.0,40.0,40.0,1,80.0,0.0,1.043794425070758,False,2.9809610559361976
2087,22.8895,25.0403,15.52,8.0,0.0,0.82596,,80.0,40.0,40.0,1,80.0,0.0,0.8642037380763815,False,4.630216726764187
2088,14.3108,29.2147,18.5195,5.0,0.0,0.843416,,80.0,40.0,40.0,1,80.0,0.0,0.8790312929279519,False,4.222743335193053
2089,19.187,19.8283,17.342,7.0,0.0,0.632556,,80.0,40.0,40.0,1,80.0,0.0,0.6626301881814359,False,4.754391418536212
2090,17.322,22.7837,17.4866,7.0,0.0,0.693364,,80.0,40.0,40.0,1,80.0,0.0,0.7281078638812515,False,5.010912577124209
2091,24.4324,34.3858,18.8603,6.0,0.0,1.08331,,80.0,40.0,40.0,1,80.0,0.0,1.1363547362096158,False,4.896542652575515
2092,27.5999,27.6558,17.5378,8.0,0.0,0.914757,,80.0,40.0,40.0,1,80.0,0.0,0.9582709182016016,False,4.756882778880244
2093,26.0244,29.9164,17.5082,10.0,0.0,0.969035,,80.0,40.0,40.0,1,80.0,0.0,1.0170227698402088,False,4.952119360003385
2094,23.0152,36.9861,17.5689,7.0,0.0,1.17529,,80.0,40.0,40.0,1,80.0,0.0,1.2313905031848298,False,4.773332810185558
2095,11.0577,20.3358,17.7057,7.0,0.0,0.575272,,80.0,40.0,40.0,1,80.0,0.0,0.6025908720455762,False,4.748861763752824
2096,18.4928,20.471,16.2475,7.0,0.0,0.65387,,80.0,40.0,40.0,1,80.0,0.0,0.6850190989826846,False,4.763806105599691
2097,15.074,13.0856,15.8007,6.0,0.0,0.443557,,80.0,40.0,40.0,1,80.0,0.0,0.4593865410368208,False,3.568772680133743
2098,31.568,19.8412,16.2936,5.0,0.0,0.75497,,80.0,40.0,40.0,1,80.0,0.0,0.7697435324245355,False,1.956837016641124
2099,19.2966,27.1086,18.633,7.0,0.0,0.820056,,80.0,40.0,40.0,1,80.0,0.0,0.8604819369857521,False,4.929655655924979
2100,13.1284,25.6178,17.4128,6.0,0.0,0.71289,,100.0,40.0,40.0,1,100.0,0.0,0.7439084314225964,False,4.351082414200846
2101,34.9534,19.322,17.3337,10.0,0.0,0.703437,,100.0,40.0,40.0,1,100.0,0.0,0.7161452009164258,False,1.8065869319392882
2102,13.5978,33.8177,19.0378,10.0,0.0,0.954201,,100.0,40.0,40.0,1,100.0,0.0,0.9920257351678636,False,3.9640217488625216
2103,9.0552,20.1532,16.8173,10.0,0.0,0.540782,,100.0,40.0,40.0,1,100.0,0.0,0.5663651493864182,False,4.730769401795596
2104,18.0202,35.9906,18.2459,8.0,0.0,1.0607,,100.0,40.0,40.0,1,100.0,0.0,1.1088229103806213,False,4.536901138929135
2105,16.0924,36.2306,16.4199,6.0,0.0,1.06805,,100.0,40.0,40.0,1,100.0,0.0,1.1161145281673963,False,4.500213301567939
2106,39.612,23.0263,16.4556,5.0,0.0,0.848557,,100.0,40.0,40.0,1,100.0,0.0,0.8643523801963159,False,1.861440091392314
2107,23.3535,16.0517,18.3694,9.0,0.0,0.529105,,100.0,40.0,40.0,1,100.0,0.0,0.5475891719125783,False,3.4934789715799752
2108,13.6362,30.956,17.1037,9.0,0.0,0.873704,,100.0,40.0,40.0,1,100.0,0.0,0.912911950601788,False,4.487555350758145
2109,26.399,26.819,16.9069,10.0,0.0,0.846972,,100.0,40.0,40.0,1,100.0,0.0,0.8842693476713948,False,4.403610470168413
2110,34.597,27.6838,17.582,10.0,0.0,0.922295,,100.0,40.0,40.0,1,100.0,0.0,0.96001434985233,False,4.089727240452356
2111,6.92461,19.7185,18.4427,7.0,0.0,0.509489,,100.0,40.0,40.0,1,100.0,0.0,0.529739581956328,False,3.974684822700394
2112,13.5335,28.444,17.2021,5.0,0.0,0.797307,,100.0,40.0,40.0,1,100.0,0.0,0.8347102660298573,False,4.6912000057515275
2113,29.0913,19.9642,16.9851,10.0,0.0,0.681886,,100.0,40.0,40.0,1,100.0,0.0,0.7029718581401273,False,3.092284947942517
2114,10.5167,27.3262,16.989,10.0,0.0,0.744226,,100.0,40.0,40.0,1,100.0,0.0,0.7758486493226123,False,4.24906538102838
2115,19.6534,21.9968,18.5921,7.0,0.0,0.652921,,100.0,40.0,40.0,1,100.0,0.0,0.6832161208857886,False,4.639936667037616
2116,9.04087,20.5582,18.0672,8.0,0.0,0.546458,,100.0,40.0,40.0,1,100.0,0.0,0.5711139300009218,False,4.511953343335043
2117,44.5272,16.1905,17.1938,5.0,0.0,0.698681,,100.0,40.0,40.0,1,100.0,0.0,0.6792961844184605,False,-2.7744872955668587
2118,20.7867,31.7897,16.1762,8.0,0.0,0.960598,,100.0,40.0,40.0,1,100.0,0.0,1.0039010058075184,False,4.507921712050041
2119,6.91143,20.858,17.6755,7.0,0.0,0.540626,,100.0,40.0,40.0,1,100.0,0.0,0.5618809411944697,False,3.9315425441006697
2120,12.767,21.4123,17.6509,7.0,0.0,0.596201,,100.0,40.0,40.0,1,100.0,0.0,0.6231239073308649,False,4.515743403795849
2121,27.2366,30.6352,17.3961,9.0,0.0,0.959437,,100.0,40.0,40.0,1,100.0,0.0,1.0036239482108122,False,4.605508043864502
2122,10.0468,32.3377,16.7852,9.0,0.0,0.892027,,100.0,40.0,40.0,1,100.0,0.0,0.9252333582217426,False,3.7225732205126705
2123,7.65385,21.563,18.0694,6.0,0.0,0.562957,,100.0,40.0,40.0,1,100.0,0.0,0.5855771039196527,False,4.018087335205466
2124,21.3447,29.3668,15.7189,6.0,0.0,0.895456,,100.0,40.0,40.0,1,100.0,0.0,0.9368195508325762,False,4.619272285023065
2125,32.602,30.3429,17.6117,9.0,0.0,0.986416,,100.0,40.0,40.0,1,100.0,0.0,1.029133597903071,False,4.33058647701081
2126,22.8081,27.0387,16.8163,5.0,0.0,0.827663,,100.0,40.0,40.0,1,100.0,0.0,0.8658096222180371,False,4.608955845318337
2127,8.73454,34.3611,17.225,10.0,0.0,0.94632,,100.0,40.0,40.0,1,100.0,0.0,0.9754155559158092,False,3.0746001263641416
2128,23.7786,19.0642,16.1649,9.0,0.0,0.628878,,100.0,40.0,40.0,1,100.0,0.0,0.651738358938732,False,3.635102347153494
2129,12.2578,25.6906,16.1427,10.0,0.0,0.71558,,100.0,40.0,40.0,1,100.0,0.0,0.7467391368171682,False,4.354389001532771
2130,29.567,17.505,17.0263,8.0,0.0,0.62283,,100.0,40.0,40.0,1,100.0,0.0,0.6364148683869797,False,2.1811519013181284
2131,24.9891,36.2351,17.0719,6.0,0.0,1.12829,,100.0,40.0,40.0,1,100.0,0.0,1.1796225420144495,False,4.549587607303927
2132,22.4316,18.2237,17.2786,6.0,0.0,0.586236,,100.0,40.0,40.0,1,100.0,0.0,0.609483896761098,False,3.965620801366355
2133,20.1481,22.039,19.5753,10.0,0.0,0.650571,,100.0,40.0,40.0,1,100.0,0.0,0.6808650002400325,False,4.656524843565496
2134,25.4913,35.046,18.3782,6.0,0.0,1.07818,,100.0,40.0,40.0,1,100.0,0.0,1.127192666599391,False,4.545870503941001
2135,21.4525,25.7992,17.6151,5.0,0.0,0.77558,,100.0,40.0,40.0,1,100.0,0.0,0.8115993637758164,False,4.644184194514605
2136,25.1897,34.0045,16.9441,6.0,0.0,1.05598,,100.0,40.0,40.0,1,100.0,0.0,1.1043857088436306,False,4.58396076096429
2137,19.3055,29.4408,17.3786,6.0,0.0,0.866929,,100.0,40.0,40.0,1,100.0,0.0,0.906323924577836,False,4.544192728336
2138,16.8368,34.6362,17.433,6.0,0.0,1.01203,,100.0,40.0,40.0,1,100.0,0.0,1.058686059009877,False,4.6101458464548495
2139,27.3436,26.8803,18.359,6.0,0.0,0.839735,,100.0,40.0,40.0,1,100.0,0.0,0.8773084826829697,False,4.474445233671298
2140,8.81635,34.6442,18.2977,10.0,0.0,0.952546,,100.0,40.0,40.0,1,100.0,0.0,0.9803624078512426,False,2.9202167508175583
2141,27.8836,28.9303,16.6323,9.0,0.0,0.922222,,100.0,40.0,40.0,1,100.0,0.0,0.9630217109570194,False,4.42406610957225
2142,14.4625,27.7008,18.2713,8.0,0.0,0.776379,,100.0,40.0,40.0,1,100.0,0.0,0.8098422274764359,False,4.3101664878153345
2143,30.3283,36.3669,17.6138,7.0,0.0,1.16493,,100.0,40.0,40.0,1,100.0,0.0,1.2186075223074029,False,4.6077895073011135
2144,13.2056,16.3178,16.138,9.0,0.0,0.479476,,100.0,40.0,40.0,1,100.0,0.0,0.5015796781537443,False,4.609965494361398
2145,36.7215,27.0738,18.06,10.0,0.0,0.913045,,100.0,40.0,40.0,1,100.0,0.0,0.9481877806099568,False,3.84896479472061
2146,13.6986,23.7466,17.5427,8.0,0.0,0.665113,,100.0,40.0,40.0,1,100.0,0.0,0.694845210712583,False,4.470249523401742
2147,27.1582,25.1285,18.5106,8.0,0.0,0.788058,,100.0,40.0,40.0,1,100.0,0.0,0.8226703316867185,False,4.392104602290505
2148,24.1397,34.8788,17.5371,9.0,0.0,1.07126,,100.0,40.0,40.0,1,100.0,0.0,1.1199515926222845,False,4.545263766245766
2149,9.88393,28.1538,18.4176,10.0,0.0,0.757826,,100.0,40.0,40.0,1,100.0,0.0,0.7872077780124649,False,3.877114009345798
2150,10.418,15.5508,17.6929,6.0,0.0,0.432338,,100.0,40.0,40.0,1,100.0,0.0,0.4523436714378463,False,4.627322011446211
2151,12.0865,24.3615,18.2957,6.0,0.0,0.666818,,100.0,40.0,40.0,1,100.0,0.0,0.6982117554497558,False,4.707994602688553
2152,28.1292,20.0187,16.3532,8.0,0.0,0.684195,,100.0,40.0,40.0,1,100.0,0.0,0.7053012872901299,False,3.0848350675070506
2153,17.5042,18.5929,18.0234,8.0,0.0,0.554889,,100.0,40.0,40.0,1,100.0,0.0,0.5801256822914979,False,4.548059574346922
2154,14.4085,26.5162,15.6626,9.0,0.0,0.758612,,100.0,40.0,40.0,1,100.0,0.0,0.7927644063069296,False,4.501959671996966
2155,27.7429,25.573,17.3243,7.0,0.0,0.817055,,100.0,40.0,40.0,1,100.0,0.0,0.8521006114738677,False,4.289259777354983
2156,21.4125,36.9448,17.978,5.0,0.0,1.11922,,100.0,40.0,40.0,1,100.0,0.0,1.1679279479489186,False,4.351954749639796
2157,19.3938,33.166,17.5396,6.0,0.0,0.981592,,100.0,40.0,40.0,1,100.0,0.0,1.024688534817805,False,4.3904733145548205
2158,28.6625,23.8188,16.075,7.0,0.0,0.791774,,100.0,40.0,40.0,1,100.0,0.0,0.8218835705601537,False,3.802798596588639
2159,19.9282,33.8656,15.9814,6.0,0.0,1.02139,,100.0,40.0,40.0,1,100.0,0.0,1.0676676706008164,False,4.530852132957669
2160,29.5572,35.6645,17.649,6.0,0.0,1.13489,,100.0,40.0,40.0,1,100.0,0.0,1.1871616672572116,False,4.6058796233301615
2161,29.0218,23.2813,16.2711,6.0,0.0,0.777419,,100.0,40.0,40.0,1,100.0,0.0,0.8061631483770637,False,3.697381769298633
2162,19.5407,31.3876,18.8581,10.0,0.0,0.916672,,100.0,40.0,40.0,1,100.0,0.0,0.9571448623565704,False,4.415195659578379
2163,10.1333,28.2201,17.1448,7.0,0.0,0.766499,,100.0,40.0,40.0,1,100.0,0.0,0.7976654844584402,False,4.066082859656721
2164,17.3618,23.981,17.1782,7.0,0.0,0.699979,,100.0,40.0,40.0,1,100.0,0.0,0.7322348329446401,False,4.608114378379933
2165,15.8046,34.3306,16.905,6.0,0.0,0.997993,,100.0,40.0,40.0,1,100.0,0.0,1.0435939068986462,False,4.569261197087169
2166,19.7339,32.8101,16.3255,9.0,0.0,0.983005,,100.0,40.0,40.0,1,100.0,0.0,1.0271473339216766,False,4.490550294421345
2167,32.2955,36.8633,16.0795,7.0,0.0,1.2179,,100.0,40.0,40.0,1,100.0,0.0,1.2739254893238288,False,4.600171551344838
2168,18.843,27.0067,17.7088,9.0,0.0,0.790397,,100.0,40.0,40.0,1,100.0,0.0,0.8265069617516403,False,4.56858537565809
2169,33.8567,19.565,18.9007,5.0,0.0,0.681495,,100.0,40.0,40.0,1,100.0,0.0,0.6999126270552266,False,2.7025329687270854
2170,29.0078,27.7352,16.9406,5.0,0.0,0.891921,,100.0,40.0,40.0,1,100.0,0.0,0.9304733598873808,False,4.322396253410427
2171,6.60312,32.2288,18.0307,7.0,0.0,0.859773,,100.0,40.0,40.0,1,100.0,0.0,0.8813369978246443,False,2.5081036302191677
2172,11.2037,16.4414,17.3253,7.0,0.0,0.461252,,100.0,40.0,40.0,1,100.0,0.0,0.4826359264918325,False,4.63606152208175
2173,6.49017,34.4519,17.8708,10.0,0.0,0.931479,,100.0,40.0,40.0,1,100.0,0.0,0.9519312583722302,False,2.195675734206601
2174,26.9622,31.3299,16.1418,10.0,0.0,0.993876,,100.0,40.0,40.0,1,100.0,0.0,1.0390855306982258,False,4.548809982153293
2175,24.049,33.3866,19.1937,6.0,0.0,1.00674,,100.0,40.0,40.0,1,100.0,0.0,1.0524097330576498,False,4.536397983357161
2176,23.8563,34.3521,16.7633,8.0,0.0,1.05953,,100.0,40.0,40.0,1,100.0,0.0,1.1078844188117922,False,4.563761178238666
2177,18.182,27.153,17.5197,6.0,0.0,0.791295,,100.0,40.0,40.0,1,100.0,0.0,0.8273578470804791,False,4.557446600885781
2178,13.3424,21.8779,16.8814,7.0,0.0,0.616678,,100.0,40.0,40.0,1,100.0,0.0,0.6448130424092036,False,4.562355460905629
2179,34.7057,30.0022,17.4551,8.0,0.0,0.993111,,100.0,40.0,40.0,1,100.0,0.0,1.0356989982708271,False,4.288342216612962
2180,11.0374,34.1125,17.0063,10.0,0.0,0.955733,,100.0,40.0,40.0,1,100.0,0.0,0.9913887257207932,False,3.730720370730436
2181,13.5028,28.517,18.2966,9.0,0.0,0.793386,,100.0,40.0,40.0,1,100.0,0.0,0.829391113295516,False,4.5381583863990445
2182,24.893,32.2921,16.8768,10.0,0.0,0.999417,,100.0,40.0,40.0,1,100.0,0.0,1.0454988708283357,False,4.61087522308863
2183,7.40804,28.6665,16.2144,6.0,0.0,0.762874,,100.0,40.0,40.0,1,100.0,0.0,0.7886716868754123,False,3.3816445278528673
2184,14.7134,21.6835,16.0458,10.0,0.0,0.627311,,100.0,40.0,40.0,1,100.0,0.0,0.6563393693613013,False,4.627428717382825
2185,38.7994,36.6807,18.4697,5.0,0.0,1.22295,,100.0,40.0,40.0,1,100.0,0.0,1.278383723258234,False,4.532787379552233
2186,40.541,20.9432,17.8604,9.0,0.0,0.776693,,100.0,40.0,40.0,1,100.0,0.0,0.7883692436539262,False,1.5033280400269189
2187,20.6634,22.3007,18.0456,6.0,0.0,0.671849,,100.0,40.0,40.0,1,100.0,0.0,0.7025251370555142,False,4.565927322287329
2188,8.1515,23.3607,17.5026,9.0,0.0,0.615657,,100.0,40.0,40.0,1,100.0,0.0,0.6404536047063478,False,4.027665519331026
2189,24.9301,35.5085,17.9317,9.0,0.0,1.09422,,100.0,40.0,40.0,1,100.0,0.0,1.1440500836649683,False,4.553936472095952
2190,17.8941,16.8236,16.3608,8.0,0.0,0.526048,,100.0,40.0,40.0,1,100.0,0.0,0.5486129423600842,False,4.289521556984195
2191,25.6543,20.429,17.785,7.0,0.0,0.660131,,100.0,40.0,40.0,1,100.0,0.0,0.6866037484831264,False,4.010226528238549
2192,11.3252,36.2033,16.9543,5.0,0.0,1.02821,,100.0,40.0,40.0,1,100.0,0.0,1.064520343238035,False,3.531413158599405
2193,15.9755,25.857,17.0254,7.0,0.0,0.742438,,100.0,40.0,40.0,1,100.0,0.0,0.7762439529283253,False,4.553370507480116
2194,27.9374,28.9075,17.3195,7.0,0.0,0.913652,,100.0,40.0,40.0,1,100.0,0.0,0.9545602112182952,False,4.477439026926568
2195,36.9559,27.566,17.8326,7.0,0.0,0.931971,,100.0,40.0,40.0,1,100.0,0.0,0.967907706139769,False,3.855989739999309
2196,8.12137,31.0353,16.7798,5.0,0.0,0.837258,,100.0,40.0,40.0,1,100.0,0.0,0.8649674840459493,False,3.309551422136224
2197,14.3305,25.8613,19.3141,8.0,0.0,0.718171,,100.0,40.0,40.0,1,100.0,0.0,0.7492411945549647,False,4.326294789815342
2198,7.51064,31.6992,19.1885,8.0,0.0,0.846309,,100.0,40.0,40.0,1,100.0,0.0,0.8695249438206952,False,2.743199448510562
2199,8.07638,31.7181,15.5764,8.0,0.0,0.86266,,100.0,40.0,40.0,1,100.0,0.0,0.8918637761044412,False,3.385317054742453
2200,29.0853,28.2822,17.105,8.0,0.0,0.906254,,100.0,40.0,40.0,1,100.0,0.0,0.9458157079526354,False,4.365410575030329
2201,36.1905,28.4671,16.7182,6.0,0.0,0.96954,,100.0,40.0,40.0,1,100.0,0.0,1.0066804941884036,False,3.8307335631746597
2202,21.8003,16.3633,18.0516,6.0,0.0,0.528852,,100.0,40.0,40.0,1,100.0,0.0,0.549073160357039,False,3.8235953266772227
2203,36.9982,31.6227,18.0423,5.0,0.0,1.05019,,100.0,40.0,40.0,1,100.0,0.0,1.0951960282206583,False,4.285512928199503
2204,9.30204,28.5402,16.7196,10.0,0.0,0.77152,,100.0,40.0,40.0,1,100.0,0.0,0.8017291465113924,False,3.915536410124481
2205,27.8525,27.1768,16.8957,5.0,0.0,0.867982,,100.0,40.0,40.0,1,100.0,0.0,0.9056969911282714,False,4.345135167350402
2206,21.8351,22.3014,16.7952,10.0,0.0,0.691148,,100.0,40.0,40.0,1,100.0,0.0,0.7214867758815805,False,4.389620729797455
2207,23.0273,35.0209,19.8825,9.0,0.0,1.0489,,100.0,40.0,40.0,1,100.0,0.0,1.0949278962535578,False,4.388206335547512
2208,19.4818,22.2171,15.9721,6.0,0.0,0.678934,,100.0,40.0,40.0,1,100.0,0.0,0.7093134432196753,False,4.474579741134665
2209,30.4519,20.6984,16.5825,10.0,0.0,0.716173,,100.0,40.0,40.0,1,100.0,0.0,0.7370262701131662,False,2.911764352072235
2210,17.8534,21.9307,16.8537,7.0,0.0,0.651463,,100.0,40.0,40.0,1,100.0,0.0,0.6816736345619295,False,4.637352322684406
2211,45.6743,32.4054,15.2403,5.0,0.0,1.19253,,100.0,40.0,40.0,1,100.0,0.0,1.2287980285716535,False,3.041267605146491
2212,24.7842,22.1188,15.926,10.0,0.0,0.718235,,100.0,40.0,40.0,1,100.0,0.0,0.7472429420985827,False,4.0387814710481535
2213,13.8509,17.6446,16.119,8.0,0.0,0.517307,,100.0,40.0,40.0,1,100.0,0.0,0.5413176095977779,False,4.641462342047933
2214,7.35543,24.7837,18.3302,5.0,0.0,0.646159,,100.0,40.0,40.0,1,100.0,0.0,0.6684199777104813,False,3.4451238333724827
2215,16.3181,29.4307,18.0062,7.0,0.0,0.841199,,100.0,40.0,40.0,1,100.0,0.0,0.8779177917912945,False,4.365054141920574
2216,17.1009,31.553,17.4829,5.0,0.0,0.914588,,100.0,40.0,40.0,1,100.0,0.0,0.9544197802659272,False,4.355161041466459
2217,22.1658,34.5972,17.8083,7.0,0.0,1.04548,,100.0,40.0,40.0,1,100.0,0.0,1.09227580235329,False,4.476011243953969
2218,40.6661,23.8511,18.3754,5.0,0.0,0.846359,,100.0,40.0,40.0,1,100.0,0.0,0.8691042913984017,False,2.68742831332824
2219,19.3478,20.0762,17.991,8.0,0.0,0.605439,,100.0,40.0,40.0,1,100.0,0.0,0.6327463999019445,False,4.510347021243185
2220,29.2571,17.1823,18.1023,6.0,0.0,0.599825,,100.0,40.0,40.0,1,100.0,0.0,0.6149675213072964,False,2.524489860758774
2221,8.84504,34.5814,17.5104,8.0,0.0,0.953352,,100.0,40.0,40.0,1,100.0,0.0,0.9823959993887584,False,3.0465137104404727
2222,18.279,18.6382,16.7521,8.0,0.0,0.570916,,100.0,40.0,40.0,1,100.0,0.0,0.5959905468654146,False,4.391985312272674
2223,11.8876,29.8205,16.7617,8.0,0.0,0.828363,,100.0,40.0,40.0,1,100.0,0.0,0.8641464676009726,False,4.319781013996596
2224,13.1989,22.3784,16.5708,7.0,0.0,0.630599,,100.0,40.0,40.0,1,100.0,0.0,0.6593681524581945,False,4.562194430722923
2225,19.5625,15.7176,17.5863,9.0,0.0,0.501226,,100.0,40.0,40.0,1,100.0,0.0,0.5212574931521983,False,3.9964992143660396
2226,28.6302,19.3746,16.4694,5.0,0.0,0.670055,,100.0,40.0,40.0,1,100.0,0.0,0.68900434316468,False,2.8280280222787684
2227,11.3931,30.3773,15.3324,6.0,0.0,0.849339,,100.0,40.0,40.0,1,100.0,0.0,0.8865013021399235,False,4.375438092437007
2228,8.24517,26.8415,16.0944,7.0,0.0,0.717197,,100.0,40.0,40.0,1,100.0,0.0,0.7451426537822758,False,3.896510133516436
2229,28.6304,25.8673,15.8881,8.0,0.0,0.850245,,100.0,40.0,40.0,1,100.0,0.0,0.8853848048825985,False,4.132903443430833
2230,23.2941,25.8177,18.3451,8.0,0.0,0.782556,,100.0,40.0,40.0,1,100.0,0.0,0.818715966868379,False,4.620751341549865
2231,22.1485,33.31,18.1639,6.0,0.0,1.00019,,100.0,40.0,40.0,1,100.0,0.0,1.045213770495543,False,4.5015217604198385
2232,18.125,26.9111,17.5446,6.0,0.0,0.783834,,100.0,40.0,40.0,1,100.0,0.0,0.8195761947620879,False,4.5599189065654
2233,31.9041,19.9305,17.8516,5.0,0.0,0.690307,,100.0,40.0,40.0,1,100.0,0.0,0.7098883805259607,False,2.8366191456787635
2234,34.8375,33.5465,16.2785,9.0,0.0,1.12235,,100.0,40.0,40.0,1,100.0,0.0,1.1710069209466334,False,4.335271612833201
2235,13.9856,33.4231,17.1432,9.0,0.0,0.954026,,100.0,40.0,40.0,1,100.0,0.0,0.9948466617406,False,4.278778748231175
2236,38.0925,26.9754,15.9802,7.0,0.0,0.954014,,100.0,40.0,40.0,1,100.0,0.0,0.9832233416771324,False,3.0617309260799535
2237,22.8895,25.0403,15.52,6.0,0.0,0.786589,,100.0,40.0,40.0,1,100.0,0.0,0.8210332806361315,False,4.378942578161082
2238,14.3108,29.2147,18.5195,5.0,0.0,0.818213,,100.0,40.0,40.0,1,100.0,0.0,0.8556534483487643,False,4.575880406295716
2239,19.187,19.8283,17.342,7.0,0.0,0.602952,,100.0,40.0,40.0,1,100.0,0.0,0.6298142425545663,False,4.455121229312824
2240,17.322,22.7837,17.4866,5.0,0.0,0.665425,,100.0,40.0,40.0,1,100.0,0.0,0.6962408455625225,False,4.631002075744446
2241,24.4324,34.3858,18.8603,8.0,0.0,1.04478,,100.0,40.0,40.0,1,100.0,0.0,1.0920395961285512,False,4.523401685383634
2242,27.5999,27.6558,17.5378,10.0,0.0,0.872371,,100.0,40.0,40.0,1,100.0,0.0,0.9111139530244012,False,4.441109691220963
2243,26.0244,29.9164,17.5082,10.0,0.0,0.92785,,100.0,40.0,40.0,1,100.0,0.0,0.9707210962396136,False,4.62047704258378
2244,23.0152,36.9861,17.5689,7.0,0.0,1.13545,,100.0,40.0,40.0,1,100.0,0.0,1.1858661423654804,False,4.440190441277054
2245,11.0577,20.3358,17.7057,5.0,0.0,0.556134,,100.0,40.0,40.0,1,100.0,0.0,0.5807647285000022,False,4.428919738768379
2246,18.4928,20.471,16.2475,9.0,0.0,0.623367,,100.0,40.0,40.0,1,100.0,0.0,0.6511587658305233,False,4.458331260801958
2247,15.074,13.0856,15.8007,7.0,0.0,0.419008,,100.0,40.0,40.0,1,100.0,0.0,0.4344464859869342,False,3.6845325117740484
2248,31.568,19.8412,16.2936,9.0,0.0,0.706784,,100.0,40.0,40.0,1,100.0,0.0,0.722984077799037,False,2.292083267170307
2249,19.2966,27.1086,18.633,8.0,0.0,0.78976,,100.0,40.0,40.0,1,100.0,0.0,0.8257518799261295,False,4.557318669738846
